Soil_Type,Crop,N,P,K,Fertilizer
Sandy,Rice,56.63026144741182,60.86906379615143,66.51509956211198,Organic Compost
Laterite,Potato,37.07300538306772,58.3371586717831,128.91659569540894,DAP
Laterite,Cotton,134.49172311287901,69.89256686235694,96.3433312804864,Organic Compost
Laterite,Wheat,24.124432294820252,64.50132465045372,105.18220235260448,DAP
Laterite,Cotton,28.82398570738902,36.04646176339714,102.74019627898925,MOP
Black,Wheat,105.61501861641621,67.36517653359695,133.38548452509323,Organic Compost
Red,Wheat,63.55024229600281,47.00448692617142,104.17975370814783,Organic Compost
Red,Cotton,103.36132905687828,90.98915685140369,49.92226413140943,Organic Compost
Alluvial,Rice,86.66829119322486,54.51723463740305,53.52768404070496,Organic Compost
Sandy,Rice,61.70493218963458,18.881282573548965,90.05852397008474,Organic Compost
Black,Potato,32.4482501467232,17.69201213387332,63.38348959329091,Organic Compost
Laterite,Corn,20.064523644001873,67.10951267754643,105.81395944289028,DAP
Red,Potato,110.35720894274637,89.33200883916004,99.41787328364416,Organic Compost
Sandy,Wheat,97.57790156114845,54.56936734043916,48.524363766361645,Organic Compost
Laterite,Rice,48.8326138666622,52.83032597465416,75.90643103347831,Organic Compost
Laterite,Cotton,124.89455367614987,50.60476033188363,94.5102334308383,Organic Compost
Alluvial,Cotton,131.27270720024916,90.13799834012487,47.80069950510195,Organic Compost
Alluvial,Cotton,137.31044574149553,68.43184595541736,21.438554344312024,Organic Compost
Laterite,Potato,31.794657575876556,66.73795733520308,112.95796357098043,DAP
Black,Rice,141.68911711287404,28.15341016477976,53.368147861366865,Organic Compost
Alluvial,Rice,93.90082151081978,17.09641275135629,50.16649684769431,Organic Compost
Black,Corn,88.79137492915517,35.06342104385102,23.390803937840936,Organic Compost
Sandy,Wheat,111.06734035892256,82.95991961351612,67.66564697069558,Organic Compost
Alluvial,Rice,66.56419304598438,71.0515566509518,116.95958690473603,Organic Compost
Sandy,Rice,43.734352719379274,71.56637977738534,21.936151449160484,NPK 19-19-19
Sandy,Wheat,65.24469323257367,26.18600021519871,49.91392991361917,Organic Compost
Alluvial,Cotton,50.69104611115157,31.022117480967964,113.03782842599114,Organic Compost
Sandy,Wheat,44.628253960068164,46.12132038146663,110.64097020373352,MOP
Sandy,Corn,72.41894878782048,41.19201890882013,127.02937022389389,Organic Compost
Alluvial,Potato,54.975724277947755,19.271727499798548,20.053056362365687,Organic Compost
Alluvial,Potato,130.86249207831742,69.38319882592538,110.96871749467212,Organic Compost
Sandy,Potato,44.41579856865028,75.5939962083471,114.68872935809411,MOP
Sandy,Rice,138.9956623200275,67.56550591888558,34.20914966781657,Organic Compost
Laterite,Cotton,92.81403162975222,76.06576315207971,82.09262921202227,Organic Compost
Alluvial,Rice,111.10178110432788,65.35660060166596,31.110994216529207,Organic Compost
Laterite,Wheat,49.77902098875579,75.96300336675122,25.219257147941164,NPK 19-19-19
Black,Rice,111.028149040658,22.679660851335882,132.7838179766292,Organic Compost
Black,Corn,121.61626359073504,51.128232366520436,55.95812109814118,Organic Compost
Black,Potato,27.09195903117258,20.142807439449268,20.123480468190806,NPK 19-19-19
Alluvial,Cotton,109.66349193210048,15.258789176911764,88.43781058357621,Organic Compost
Alluvial,Potato,136.52440788525183,91.64056772621193,107.75261857383822,Organic Compost
Red,Potato,123.60342425791667,84.56847183343444,89.75909907979066,Organic Compost
Black,Corn,64.78711877620222,60.36535051885686,105.8911447537833,Organic Compost
Alluvial,Corn,140.31811375564723,61.311427734602304,112.78100790388966,Organic Compost
Sandy,Corn,21.686072235796676,10.507128387528622,14.171966922141657,NPK 19-19-19
Sandy,Rice,36.11894034885236,90.5239409884179,44.795040281797085,DAP
Laterite,Rice,25.498796432911526,83.06724006188,126.11788961476465,DAP
Red,Potato,101.93197392719833,85.33070162228056,62.264156891231735,Organic Compost
Black,Potato,39.86852043841771,39.285138120511554,31.103179024363573,NPK 19-19-19
Red,Potato,68.78174272184296,65.19550121577089,116.6344867551857,Organic Compost
Red,Cotton,46.225230328254725,37.8363757350727,32.62225024612955,NPK 19-19-19
Red,Rice,95.58277238775415,26.067961408574334,62.66062340146863,Organic Compost
Red,Potato,68.7145773155745,26.04473274898367,139.4202128497967,Organic Compost
Sandy,Wheat,26.896222722676193,66.50187829327339,10.016610287519,DAP
Sandy,Potato,64.53743898765333,72.22148778485462,107.30551270963655,Organic Compost
Red,Corn,106.75030492463975,56.89865616221129,146.77039835162415,Organic Compost
Sandy,Potato,78.77342863314051,27.501971019192496,114.99866049983848,Organic Compost
Sandy,Corn,63.43937467309583,43.7347512628777,44.18862624631283,Organic Compost
Alluvial,Rice,107.47688654207464,14.754218003572303,124.39189256875093,Organic Compost
Red,Potato,55.312789345012035,53.317934070246395,93.53280697054741,Organic Compost
Sandy,Wheat,24.081991923527344,45.694551281587515,81.01352975036096,Organic Compost
Red,Cotton,35.00510730531139,98.41813904441013,62.660969792122145,DAP
Red,Wheat,30.558743670279657,59.59282174121413,30.251686280976756,DAP
Laterite,Cotton,140.65621346131954,27.612868537273563,117.03892052799428,Organic Compost
Black,Cotton,62.56961378502694,19.967365704745816,59.34656182339792,Organic Compost
Sandy,Corn,62.26269861720424,47.57705254967773,52.082757189328575,Organic Compost
Red,Cotton,138.63928717624736,46.05358366947451,36.928041906503,Organic Compost
Laterite,Wheat,43.57363387964338,90.2681185375973,145.96441671959414,MOP
Red,Rice,143.9515554312083,23.846504983054913,76.98872038533058,Organic Compost
Laterite,Rice,122.33856020501845,70.33626019147277,27.732185228556638,Organic Compost
Red,Corn,26.418047737547486,68.83143990914218,129.14517139490314,DAP
Sandy,Potato,82.8125912648168,46.062935311892765,82.99908592876534,Organic Compost
Laterite,Potato,112.18758393093091,57.81412044647522,126.00485871082971,Organic Compost
Red,Corn,133.47826270725815,43.40567086202017,20.54968547204485,Organic Compost
Laterite,Corn,70.90166984124653,66.09317587058182,103.28274523796092,Organic Compost
Black,Wheat,51.453246367871955,55.14207849158105,131.32515205008224,Organic Compost
Laterite,Rice,25.951345637917946,17.555649534980546,57.53907837889402,SSP
Black,Corn,23.98408451966494,60.55049863896018,67.6078596966822,DAP
Laterite,Cotton,69.54684343166338,48.29504038722738,132.06269325583963,Organic Compost
Red,Cotton,11.535228247902616,89.76661702762597,48.00779044998019,DAP
Black,Rice,130.94134583834915,63.660797185811504,90.42072602149017,Organic Compost
Alluvial,Wheat,120.08333737943917,90.10949260984337,87.38464266353849,Organic Compost
Laterite,Rice,149.46055633066737,20.489014899876935,128.9361263375771,Organic Compost
Red,Corn,64.2592873619765,65.17650788944435,17.835178016680985,Organic Compost
Sandy,Potato,39.884612259455636,48.37509052924826,141.52732428008255,MOP
Laterite,Cotton,66.05513961371132,11.066976388921953,27.542125496855288,Organic Compost
Laterite,Rice,73.294308807004,83.57328415811263,84.72089258929128,Organic Compost
Black,Corn,102.11311593671799,74.59500292691422,88.12685658812825,Organic Compost
Laterite,Wheat,84.22709763006627,91.13181185302365,108.7605773976364,Organic Compost
Laterite,Rice,105.43459077027029,28.5930200955333,25.46773480924261,Urea
Red,Potato,107.37062104217397,61.75554029347314,36.49960109555444,Organic Compost
Sandy,Cotton,14.385049931102369,20.695522095456347,53.66462097261943,SSP
Alluvial,Corn,26.879029415080048,20.794616547178222,111.62511248170897,MOP
Laterite,Rice,73.34082931645699,97.88887957101075,16.97203960521275,Organic Compost
Sandy,Wheat,100.65108603617323,22.27290884661172,92.51333132128433,Organic Compost
Red,Potato,133.67410818686312,95.09980093907073,25.904331726357146,Organic Compost
Sandy,Cotton,98.61050499615845,74.8070344610202,32.51948974090001,Organic Compost
Sandy,Rice,17.34446900767917,36.39394771685472,138.96218915077634,MOP
Red,Cotton,19.13779894304585,49.93103796899135,129.08654919381803,MOP
Laterite,Wheat,10.85801062391531,51.772166847885885,13.451847798965005,DAP
Black,Corn,126.52663968870164,20.043585374391856,138.87758399316118,Organic Compost
Alluvial,Wheat,31.743822820538888,13.048791796607503,148.57779347377962,MOP
Black,Rice,146.40446920861797,11.54556915961326,142.67123143135245,Organic Compost
Black,Wheat,43.12914368869372,88.91497260517349,124.7324646650821,MOP
Alluvial,Wheat,149.25788227747896,76.16655491961913,40.21714753823484,Organic Compost
Red,Cotton,68.0625690918196,13.253739448716026,54.99897889363389,Organic Compost
Red,Cotton,146.80560692329942,62.39092337378524,131.36230159188506,Organic Compost
Red,Cotton,86.8514149926145,10.315976581958555,15.60274970346084,Organic Compost
Black,Wheat,25.757631031172206,71.17665020707338,46.43964760310328,DAP
Alluvial,Rice,15.930670473389485,70.65500041657211,85.22687547803088,DAP
Laterite,Wheat,98.82159176356933,84.49114664831865,69.87700727626864,Organic Compost
Laterite,Rice,143.50011133692223,85.56620462754047,69.64011347033733,Organic Compost
Alluvial,Rice,88.47310588531258,98.31954620245985,82.56411612835312,Organic Compost
Black,Potato,67.0268888704565,99.89603444661681,91.0908049318581,Organic Compost
Black,Corn,92.14567153679432,34.71154261116369,14.54738508502526,Organic Compost
Laterite,Potato,48.602149177305826,81.68936986418487,50.35046161382137,Organic Compost
Laterite,Rice,60.63034588570274,64.12385902988444,95.39740899402602,Organic Compost
Red,Cotton,80.93634139315597,34.187225076079145,84.14097831199506,Organic Compost
Alluvial,Wheat,86.19314606545845,95.54953347493807,97.55566818325778,Organic Compost
Black,Wheat,101.498501576327,85.54337771841013,142.2283031783341,Organic Compost
Laterite,Wheat,33.75255137594064,53.559167529928594,108.26073975539022,DAP
Sandy,Corn,60.153831005177764,18.91174806056425,116.13069562089028,Organic Compost
Alluvial,Cotton,45.419963671658586,97.80610334340892,130.75014572503278,MOP
Red,Potato,27.922479209833185,77.96685468234344,40.03563096846011,DAP
Sandy,Corn,59.2993876984341,48.57830567008437,125.38840761871562,Organic Compost
Sandy,Rice,109.76091205461651,67.14563641848835,64.21049999108867,Organic Compost
Red,Corn,145.7345558149028,25.62753813628708,41.22176979766293,Organic Compost
Sandy,Wheat,22.77507969951434,49.28035589408015,91.45077706887942,Organic Compost
Sandy,Cotton,56.327201630923646,58.82012254694862,144.2321335962387,Organic Compost
Red,Wheat,106.92706308736128,92.02844969678327,80.21898146488878,Organic Compost
Laterite,Wheat,131.35016410856608,45.4821737356535,139.4835420574769,Organic Compost
Sandy,Wheat,90.34800325247674,12.44566326645293,46.85099640139886,Organic Compost
Alluvial,Cotton,141.29437513255868,10.385358205249327,133.9614270107228,Organic Compost
Sandy,Potato,49.455595073955855,44.38313473701439,22.8293487246019,NPK 19-19-19
Laterite,Wheat,142.20651300476084,64.96736454588785,110.21900217375355,Organic Compost
Alluvial,Corn,16.33214832883009,10.168546952725173,59.09089961356261,SSP
Black,Wheat,75.83225417982011,57.71974661353901,46.963793397567954,Organic Compost
Laterite,Rice,85.27078495827509,63.37953596009481,86.08852407920872,Organic Compost
Black,Rice,54.63177064507717,14.614329921683794,65.39378797348425,Organic Compost
Black,Cotton,92.36393836880606,60.55799072899511,102.44946599597586,Organic Compost
Sandy,Corn,111.6194318073753,81.12544618355577,50.434341600467015,Organic Compost
Sandy,Corn,68.68800101790282,36.75705393030754,75.87580804643653,Organic Compost
Alluvial,Rice,131.51492779106127,93.64136722218926,57.0450863158638,Organic Compost
Alluvial,Corn,65.20818005269099,98.78383611367205,70.34857420071052,Organic Compost
Red,Rice,61.15283243489076,45.723365256143246,125.01565350752624,Organic Compost
Alluvial,Rice,54.31098684250374,96.96866427163897,31.434350671831993,Organic Compost
Red,Potato,59.89509016776066,62.360697357507284,23.93672539124349,Organic Compost
Alluvial,Wheat,42.43809214462017,58.76829487478369,40.766303968780285,Organic Compost
Red,Potato,21.96840922922,29.495443219847772,128.21922381644617,MOP
Laterite,Wheat,14.510150463052202,51.62814489661355,53.88654059077422,DAP
Red,Wheat,116.61581673065525,72.66075341717294,43.45003439090021,Organic Compost
Black,Wheat,131.916566979949,10.529161240820583,64.33349931814274,Organic Compost
Alluvial,Cotton,89.85266804883531,32.54575922972512,53.568750305963114,Organic Compost
Laterite,Potato,70.52868336733842,84.47011623816519,13.452916361721512,Organic Compost
Black,Wheat,140.54942243192355,31.323507536006407,107.10887770187074,Organic Compost
Black,Cotton,144.71892842134486,31.143627372622895,24.04634744968962,Urea
Alluvial,Wheat,111.60624256345858,70.68129054653791,57.050974283913334,Organic Compost
Alluvial,Corn,81.07073204246744,38.40159773619776,148.75194733895032,Organic Compost
Red,Wheat,39.60584480696451,33.91717385679953,23.27626143817419,NPK 19-19-19
Black,Cotton,14.81650788000123,47.293264711590176,37.24876458609985,NPK 19-19-19
Black,Rice,50.29474587266108,32.35650447221694,105.87135630102144,Organic Compost
Red,Potato,86.0365627276162,98.77838915291768,70.53353893388044,Organic Compost
Black,Rice,29.269459725790995,47.67463083637445,129.02693602733558,MOP
Red,Wheat,94.17304811424671,22.907854228620103,136.2060217526717,Organic Compost
Red,Potato,19.053176139079895,65.9012769181746,42.945577134364946,DAP
Sandy,Potato,66.63229643611844,36.23624725099181,42.81680421715626,Organic Compost
Black,Corn,25.994783456127884,59.43475073154237,10.186709528710882,DAP
Black,Rice,40.79080393628138,97.40969109647038,111.81392473979706,MOP
Black,Potato,89.81446081662239,68.35819765337041,104.91930525824529,Organic Compost
Alluvial,Potato,42.84711738087949,33.61326267600772,108.56573906350314,MOP
Black,Potato,140.46637581888447,56.145088096619695,52.80632820009062,Organic Compost
Sandy,Potato,99.08820414453251,55.00831022040099,24.462066893859184,Organic Compost
Black,Rice,77.14847386793376,89.88300916469726,89.29470088835363,Organic Compost
Alluvial,Wheat,57.46399696414736,61.42702537398108,72.63317516932943,Organic Compost
Laterite,Wheat,17.08057925106145,54.397019461506325,51.43896752015537,DAP
Black,Potato,53.57433536100357,55.89033181577846,130.82377274094733,Organic Compost
Sandy,Potato,114.14113932434395,87.07366883933221,53.40228981505885,Organic Compost
Black,Potato,44.67953604906658,44.5870168804468,17.747879797063398,NPK 19-19-19
Alluvial,Cotton,89.16208993914798,49.266042336432484,85.5927518109938,Organic Compost
Alluvial,Cotton,80.23841778468886,91.10702097591415,46.516922792556684,Organic Compost
Red,Potato,100.19379611563747,11.83067479608409,111.44838716591511,Organic Compost
Laterite,Potato,149.63335775393384,88.53730189220781,51.62812465560639,Organic Compost
Red,Wheat,63.401751494785245,42.05502687829987,62.12729457395335,Organic Compost
Laterite,Potato,101.29157560316408,76.37843687935408,10.365044874968723,Organic Compost
Sandy,Potato,85.20877789408198,80.72801710352965,87.82195349551073,Organic Compost
Alluvial,Wheat,89.40303648142189,90.94054681165628,145.78958029923209,Organic Compost
Sandy,Corn,116.96778257934137,17.542759013844783,32.500181884810786,Urea
Black,Wheat,70.39116389432027,50.13687433639652,53.20507542896112,Organic Compost
Laterite,Cotton,35.92310635826836,66.4224651382506,34.33183999893356,DAP
Black,Rice,141.32393783102543,75.15998867076063,87.13849422947126,Organic Compost
Alluvial,Wheat,61.92464371337951,75.74200310299335,67.49467475957805,Organic Compost
Laterite,Cotton,106.16285835102583,51.33642050616078,89.17010238977021,Organic Compost
Black,Rice,133.5936518414319,26.57170207730664,127.65061075394462,Organic Compost
Sandy,Wheat,40.09891130237477,13.345775924468139,29.713660693019925,NPK 19-19-19
Sandy,Wheat,111.68010496253683,55.99474010151188,108.30987157716544,Organic Compost
Alluvial,Corn,53.71283285831056,35.651611833361144,112.2744983217992,Organic Compost
Red,Cotton,110.05476192955892,44.55641136856407,117.92577660463235,Organic Compost
Laterite,Wheat,38.69719204860837,71.73204451481472,88.43235682775676,DAP
Alluvial,Potato,48.63218063777048,47.896425837427046,38.320311862155314,NPK 19-19-19
Sandy,Corn,78.83054501560639,36.57223490616272,117.67311424750767,Organic Compost
Sandy,Corn,112.1313999942274,28.6364957851219,62.78496955104502,Organic Compost
Sandy,Wheat,90.6721176489108,84.829205736344,36.37526743606891,Organic Compost
Laterite,Cotton,135.06782985586517,25.477336165918864,68.89551318572998,Organic Compost
Red,Cotton,50.886378133708114,63.534078954151916,13.849004548448452,Organic Compost
Red,Potato,102.08897701334499,62.301015993615,84.18588461270106,Organic Compost
Laterite,Rice,52.050851299955916,57.44115295999278,75.18846901827918,Organic Compost
Laterite,Rice,56.73788900807401,52.41256449611753,13.747881998437899,Organic Compost
Alluvial,Cotton,106.03009089915075,48.607298264575654,131.07063107998536,Organic Compost
Red,Wheat,131.120906867992,62.167550998061785,25.58139278598931,Organic Compost
Red,Corn,142.2384518374007,49.97553262910294,102.61903954427677,Organic Compost
Alluvial,Potato,132.02130153562757,13.043915881436732,66.60620830865591,Organic Compost
Black,Potato,139.82656612436156,73.25149238362022,44.32155245466409,Organic Compost
Alluvial,Corn,17.837239880636094,20.8914145073784,140.19786963877885,MOP
Black,Corn,106.21872564086041,38.84049373372851,37.823132941821946,Urea
Laterite,Corn,37.20650005832648,24.54486225358275,38.92569129533661,NPK 19-19-19
Alluvial,Corn,75.37880354625408,93.50580399455751,46.027878346534514,Organic Compost
Laterite,Corn,149.63809056643953,94.81861984109383,103.93144680677885,Organic Compost
Laterite,Corn,126.35886715651743,35.3838119310704,86.68324220539836,Organic Compost
Laterite,Potato,69.12590307441934,21.804060156873284,145.70125268687121,Organic Compost
Sandy,Potato,131.0725332236239,45.13809935745026,63.39158502814003,Organic Compost
Black,Wheat,75.66202027739031,88.6437798652047,17.3742664561576,Organic Compost
Alluvial,Rice,40.68580839132643,71.06853197929382,91.55723749384404,Organic Compost
Alluvial,Corn,135.9850275085874,41.32684701109321,25.61466764923471,Organic Compost
Laterite,Wheat,111.97058238314115,90.71461403566364,17.37180632315119,Organic Compost
Sandy,Cotton,116.25810166208757,18.1809011327093,82.06743237056202,Organic Compost
Laterite,Rice,59.89849972209026,64.09691191057533,87.85617580820983,Organic Compost
Red,Rice,41.747737469107314,51.02943295816926,143.45567980091678,MOP
Red,Cotton,30.332601670688135,12.680270858882885,140.69340378032828,MOP
Red,Cotton,119.30051939891312,38.32200764841939,77.46705963704031,Organic Compost
Laterite,Cotton,31.52430447941003,21.9904073185918,38.597066166620756,NPK 19-19-19
Black,Wheat,60.25086643542676,46.474261320946304,136.7806482595196,Organic Compost
Red,Corn,43.198424333665216,31.152590840632033,69.08073511840124,Organic Compost
Alluvial,Rice,24.74375827257324,71.50745190643383,94.84141032460005,DAP
Sandy,Corn,18.039287116314302,67.56957856418869,89.81686791610792,DAP
Alluvial,Rice,37.85295935407868,76.91582369294707,133.91062075601275,DAP
Sandy,Corn,44.55884674175518,37.83236658626272,134.00465472063652,MOP
Sandy,Corn,55.649870325797266,22.020243927713516,78.49811162566515,Organic Compost
Laterite,Rice,25.38036598738268,48.221514252726436,12.48991977674768,NPK 19-19-19
Alluvial,Rice,51.74762174113012,86.05965691048709,94.3016028577036,Organic Compost
Black,Cotton,149.76244180275415,26.33384123728288,26.853615068446764,Urea
Sandy,Cotton,128.70938271897754,77.6643749583628,72.95655427170756,Organic Compost
Black,Potato,106.35985385152111,56.14628232567026,76.59113782322913,Organic Compost
Red,Cotton,100.15192274702744,65.15692965670274,110.68751847191166,Organic Compost
Red,Wheat,104.45531782099272,97.14116111735535,30.18285642440595,Organic Compost
Sandy,Wheat,49.784920054636736,63.22354930012651,86.54317271774153,Organic Compost
Sandy,Cotton,65.17865399596364,28.16196232079712,19.874801333225065,Organic Compost
Red,Rice,35.23444522356003,11.404669298973479,39.48088948408615,NPK 19-19-19
Black,Corn,85.3912422219759,32.89784420759809,20.118383805767976,Organic Compost
Sandy,Potato,32.965592590697824,12.336491651852885,22.597977888946897,NPK 19-19-19
Alluvial,Wheat,146.1163722438395,60.26645378447425,62.25664248409763,Organic Compost
Sandy,Rice,133.94187557796693,53.36392018727777,107.64619647661203,Organic Compost
Black,Corn,84.79477920919555,37.11370580680263,49.895557203214395,Organic Compost
Black,Potato,75.33252344082429,53.791001524714446,130.83832821746898,Organic Compost
Alluvial,Cotton,60.8978811414742,99.5272346226217,89.96986544434948,Organic Compost
Black,Corn,79.43101683677313,82.82631677579246,57.69469165582252,Organic Compost
Sandy,Cotton,20.217723545927726,87.86522423289328,70.2283775055158,DAP
Black,Rice,79.19841059685744,94.3243628529406,10.158007153777586,Organic Compost
Laterite,Potato,53.60935946186427,30.527997829294545,54.381946161126265,Organic Compost
Red,Corn,136.82167488339604,90.91213544920298,24.309584088887153,Organic Compost
Alluvial,Potato,41.03293803223436,29.79320932354368,142.61178382853953,MOP
Sandy,Rice,57.63153381313488,38.63192782001418,143.91388487092127,Organic Compost
Red,Rice,111.36123090261755,26.736690165231863,137.33357831072612,Organic Compost
Black,Corn,48.11465509186598,17.278277124889545,101.9551229119894,MOP
Alluvial,Wheat,60.98214774574357,50.4532142807424,130.4735316500852,Organic Compost
Laterite,Corn,21.029489940548004,34.92115207668439,44.84577392704688,Organic Compost
Alluvial,Corn,36.985605064185535,61.72801215898639,55.93448661785504,DAP
Alluvial,Corn,35.75263849863376,51.816436378169,11.912097099651199,DAP
Sandy,Rice,29.824360585818376,43.815453135619244,49.499898021039414,Organic Compost
Sandy,Potato,109.11501695737552,44.98282880439423,84.36054687194172,Organic Compost
Black,Wheat,45.943288448593634,31.623820805095942,46.846950585212504,Organic Compost
Sandy,Rice,25.02955645045395,72.74976947277304,39.03582049607912,DAP
Red,Corn,40.196083947381894,33.00778263778976,51.58283203351429,Organic Compost
Alluvial,Rice,109.27733771413207,17.628352594778967,113.82523675206737,Organic Compost
Red,Rice,45.1125785501255,32.75504048486451,98.04048194823031,Organic Compost
Black,Cotton,37.92421322378232,33.62586768213391,114.38180735120011,MOP
Black,Wheat,93.27977020482321,86.55260228400226,11.243732536035909,Organic Compost
Laterite,Rice,27.80857670728932,45.63469862325767,48.00449282293873,Organic Compost
Red,Wheat,48.22543660407465,91.76453807079649,75.0347018521336,Organic Compost
Red,Rice,92.46545168516766,32.88271623530895,46.25978363393395,Organic Compost
Black,Corn,101.37646550772959,20.91742341086473,34.571603345169464,Urea
Alluvial,Cotton,146.32474997651448,45.74372499486283,93.85861268834371,Organic Compost
Black,Cotton,29.96356301290306,26.858718344023764,134.8154865624211,MOP
Laterite,Rice,82.37310868698506,60.336494888077034,104.04751446389074,Organic Compost
Alluvial,Wheat,26.185664346938065,19.253820142434144,115.61070788575195,MOP
Alluvial,Corn,27.938905635073365,56.08934699174193,49.068438805191114,DAP
Red,Potato,107.85791514442798,51.0616039648002,84.36024855905293,Organic Compost
Alluvial,Potato,91.67816093641737,98.65087730465017,23.475081653281585,Organic Compost
Red,Rice,131.72427631530425,16.504481102971326,132.62400099137318,Organic Compost
Laterite,Corn,124.00123270865737,77.7709180618863,137.92299451539188,Organic Compost
Black,Corn,111.33133222446997,70.27507070480355,121.8248808532801,Organic Compost
Black,Corn,96.5259936914458,51.40596150621558,119.54182892802707,Organic Compost
Sandy,Rice,101.62438499562245,57.476815776478816,42.060199598424816,Organic Compost
Laterite,Rice,137.01458967056982,33.75700630620333,49.33681274313189,Organic Compost
Red,Cotton,29.521365800996353,55.65455599809164,103.1044466382984,DAP
Sandy,Wheat,138.6571055700558,70.29483520273897,11.882166157678276,Organic Compost
Black,Cotton,105.59721724404586,78.79592823063167,127.58034017436586,Organic Compost
Red,Rice,140.34400347885878,59.765220422010316,107.51546313430501,Organic Compost
Red,Wheat,144.8360523138832,21.058802190473738,45.683473897565705,Organic Compost
Red,Wheat,96.6035746101542,85.43342488387212,82.20306637236628,Organic Compost
Red,Wheat,82.2860211512098,72.24133399912506,16.709524633843372,Organic Compost
Alluvial,Corn,29.487525878363986,62.219706732148644,134.33510866160609,DAP
Red,Rice,114.51933433247501,82.42044560700026,113.10918922034908,Organic Compost
Sandy,Potato,72.55679227279,25.58128952486402,16.69354891834717,Organic Compost
Alluvial,Wheat,97.65082074785846,47.42158954326123,145.06535459645627,Organic Compost
Sandy,Cotton,126.41972977108063,63.23049382987223,60.131942265072944,Organic Compost
Alluvial,Wheat,147.24509018189562,65.4662611229015,35.684995555638785,Organic Compost
Red,Rice,50.02985835155836,92.54993906279604,119.33943734394413,Organic Compost
Sandy,Corn,142.83153975821236,42.14418306186054,101.26109267340625,Organic Compost
Black,Potato,20.93535642516187,48.46736081689385,84.53581621176781,Organic Compost
Alluvial,Corn,108.40589959527802,17.80689453610173,26.386241392747735,Urea
Sandy,Rice,138.4045609173691,76.738612325287,56.968908835378436,Organic Compost
Alluvial,Wheat,80.9094534685742,42.48724722836862,119.6855972013642,Organic Compost
Black,Cotton,117.69236849580128,75.04545502401643,144.9534795543602,Organic Compost
Red,Corn,105.92668498201093,12.42865322816431,135.87709409246594,Organic Compost
Black,Cotton,116.37296699404477,68.54994809310156,65.2813132402009,Organic Compost
Alluvial,Potato,11.28879343469002,28.019884220979947,25.8508909906829,NPK 19-19-19
Sandy,Wheat,106.73371682369813,71.43239528583517,127.82487243219063,Organic Compost
Alluvial,Potato,90.51876761651204,12.780741031418383,38.19920723519236,Organic Compost
Laterite,Potato,130.68248025820236,48.19043258166481,138.19678900722926,Organic Compost
Black,Rice,65.83712607756581,77.53500343816314,20.244513827520294,Organic Compost
Red,Corn,101.2763199492145,53.82466419153234,120.65813504468943,Organic Compost
Sandy,Rice,121.99274076093353,98.28259553609487,140.42801847788152,Organic Compost
Black,Rice,107.15818977470471,40.3164997241839,24.5624152513143,Organic Compost
Red,Wheat,30.89666557843287,83.74942736139414,48.62915742953443,DAP
Sandy,Corn,40.346079585077895,62.696263823297166,58.73337665110237,Organic Compost
Alluvial,Corn,94.79145805502355,54.050427881698546,78.41606731766062,Organic Compost
Red,Wheat,36.70838128234075,38.887542349795055,68.70857914962693,Organic Compost
Alluvial,Cotton,130.8683146332285,24.324826427978856,12.112324229497291,Urea
Alluvial,Rice,70.49440563762793,59.67110966456551,126.65104799201008,Organic Compost
Alluvial,Corn,57.299543997342525,17.008305787572972,36.837897962628816,Organic Compost
Sandy,Rice,63.81725032812589,70.5383865489134,92.41684085087664,Organic Compost
Sandy,Potato,125.15504264788603,46.54112825693973,147.85597754813347,Organic Compost
Black,Wheat,134.7881046832033,50.45690553361327,86.97273631217726,Organic Compost
Sandy,Corn,51.987826786789384,26.364429661703635,72.4052269147235,Organic Compost
Alluvial,Potato,35.178740777287885,41.26576255753049,140.3901714089043,MOP
Black,Rice,98.5361253189275,63.3658845634663,26.903369379258105,Organic Compost
Red,Wheat,88.81741063213721,26.846074808964122,122.08731189779415,Organic Compost
Red,Wheat,36.16767507068063,50.944156461770014,114.6871387996045,DAP
Laterite,Potato,12.783187217619256,58.70985652296046,143.92407948742306,DAP
Alluvial,Wheat,54.34481081102967,21.371041182538,77.76642263445308,Organic Compost
Red,Cotton,108.27279013727075,97.29434894023824,70.89237425703246,Organic Compost
Black,Potato,112.91621547765543,36.13698299280219,52.487017721934656,Organic Compost
Red,Cotton,51.538880483785945,60.64930637213784,44.90932352693827,Organic Compost
Red,Corn,25.4701891718766,84.6501975785498,94.38217207106426,DAP
Laterite,Rice,16.20098088149299,77.47684807805362,19.999187952762046,DAP
Red,Potato,34.55758083175755,22.698801678603274,27.62571671584151,NPK 19-19-19
Red,Potato,82.16788731422092,22.00460441885559,147.11540223727354,Organic Compost
Black,Rice,25.95467739014132,69.12039111892162,49.198256923573624,DAP
Alluvial,Rice,49.990841900527734,32.35569478605443,116.25081687178748,MOP
Sandy,Cotton,134.14815119593976,75.87137791117287,88.5298144461966,Organic Compost
Sandy,Corn,81.43175580788728,56.87498858028151,92.65652159154686,Organic Compost
Red,Potato,146.2062759675389,51.889507354029085,139.71444837387446,Organic Compost
Red,Rice,44.65817538894325,19.359601328200206,117.74626482966802,MOP
Black,Rice,133.28154203693532,64.61482860223599,130.50199831433184,Organic Compost
Red,Rice,25.013012247733293,18.331846034688887,109.76465579566262,MOP
Alluvial,Wheat,79.49101214528298,52.54362087726602,53.49849329815373,Organic Compost
Black,Potato,33.86064826319944,41.721650595931585,118.38401000321008,MOP
Laterite,Corn,146.7262006589584,29.469607314964364,29.711987709356663,Urea
Alluvial,Potato,20.82108904106522,33.20830031932077,23.191133024651034,NPK 19-19-19
Red,Rice,58.603357554400965,60.57082927012838,70.67331873609172,Organic Compost
Red,Cotton,51.46162555694011,66.45920225708542,68.8087737411226,Organic Compost
Alluvial,Wheat,78.50631642739303,83.20089961405975,23.82541561543637,Organic Compost
Red,Cotton,31.508412855057333,78.79601002503755,111.35935378026332,DAP
Sandy,Rice,90.23889085156988,97.97268504705133,43.170668884044304,Organic Compost
Laterite,Wheat,74.12204740423242,87.82099773270853,139.6410384644551,Organic Compost
Alluvial,Wheat,144.22406156718122,34.94445524597753,132.2717215509186,Organic Compost
Red,Corn,31.911105871263906,32.490387538062826,78.39256955031567,Organic Compost
Alluvial,Potato,148.095800707942,49.735606896025395,82.54589192803537,Organic Compost
Red,Rice,93.822915796069,72.0809192269275,106.34339645684864,Organic Compost
Red,Potato,108.68556725367145,28.44244292643998,135.25997466578582,Organic Compost
Alluvial,Corn,91.58133768641488,23.429003316685172,127.26917841560211,Organic Compost
Sandy,Cotton,134.38043872017346,86.61599553677634,70.67137281755689,Organic Compost
Red,Cotton,15.634267886695097,77.79127728778847,69.54973840601572,DAP
Alluvial,Cotton,23.615590219774536,87.00649133817103,77.19762917405885,DAP
Laterite,Corn,51.956847222439045,36.00918387477472,121.94331119188598,Organic Compost
Black,Wheat,126.4612218102487,18.598204842548046,25.576574623325577,Urea
Red,Wheat,126.10013485427197,75.67181252148747,39.3199740594507,Organic Compost
Red,Corn,60.20727698325483,50.9529357209795,13.916065618550258,Organic Compost
Laterite,Potato,34.056837968368264,42.23321797615238,37.010821080991334,NPK 19-19-19
Red,Corn,121.71039145158417,61.20730303851169,135.04892239711785,Organic Compost
Red,Rice,29.525164913125415,61.32991835811232,113.2968774177688,DAP
Red,Rice,146.91665670941546,73.34674166195612,126.39471774939106,Organic Compost
Black,Rice,119.23176832650526,78.02867360605485,123.90904333225629,Organic Compost
Sandy,Corn,80.17258173497711,73.43525777656029,31.756158023462163,Organic Compost
Alluvial,Wheat,35.385619854603846,52.82171334951409,101.49912137535429,DAP
Red,Wheat,133.95702521069433,71.0621754854161,124.63969450683052,Organic Compost
Alluvial,Wheat,71.32444963882575,79.83765178748993,110.69759083280607,Organic Compost
Laterite,Corn,16.83782726490415,89.01474075996455,21.17634931880228,DAP
Sandy,Cotton,13.09865857813653,66.55027287687884,91.5318788421688,DAP
Red,Rice,67.51804484732736,43.44272568212815,51.55928479919791,Organic Compost
Black,Corn,102.82754092305689,76.64181858502572,71.72335366660121,Organic Compost
Alluvial,Corn,144.62105594544823,62.062592590169714,148.26340843185935,Organic Compost
Black,Cotton,147.5629460814823,82.69215580118542,109.37617091948907,Organic Compost
Laterite,Wheat,31.048422462447313,48.11716830709204,36.08668668821703,NPK 19-19-19
Laterite,Wheat,73.91164594105064,34.45251545523334,59.266707806212516,Organic Compost
Alluvial,Corn,147.65606553461978,39.594974219307126,132.7000984779409,Organic Compost
Black,Corn,143.2881785616095,81.1098561040385,102.3435557882341,Organic Compost
Laterite,Wheat,20.59025529202895,51.6547591478927,148.49587340610825,DAP
Red,Cotton,66.68560750148302,95.5880591179384,141.3556408801239,Organic Compost
Red,Potato,83.24492137753009,93.18139307327196,125.50544748727063,Organic Compost
Black,Corn,104.22127413482733,37.41219523785241,14.988171354619507,Urea
Alluvial,Corn,92.05684883276956,36.83286740333263,30.87891509865529,Organic Compost
Alluvial,Corn,138.85268904500884,35.911531395773466,112.98693688638389,Organic Compost
Red,Cotton,126.70505821635365,17.868942774427822,98.30569972570747,Organic Compost
Alluvial,Potato,83.73651024968916,93.4041560776996,14.426101577973895,Organic Compost
Laterite,Potato,15.341504830952807,48.68359283272437,18.830524408015343,NPK 19-19-19
Laterite,Wheat,46.69834706235996,48.923265737630885,27.086098684173777,NPK 19-19-19
Laterite,Cotton,25.408148061267006,64.88789931109861,72.06295107176366,DAP
Sandy,Corn,86.27227695863677,17.45238472430912,125.88076469074113,Organic Compost
Red,Wheat,87.97545472646277,22.01221040226931,50.24399589057162,Organic Compost
Black,Wheat,63.28063179293498,79.24412318168554,108.96754211385866,Organic Compost
Red,Cotton,35.82069078355242,54.294895526968524,57.38802019969762,DAP
Laterite,Corn,97.98549897015202,13.860730989421452,33.9267405921983,Organic Compost
Red,Corn,101.73254784068817,40.628566386837235,55.15829312865757,Organic Compost
Sandy,Cotton,30.379486211350162,84.80250679918443,58.81770535062913,DAP
Sandy,Corn,135.16764577830025,54.69614326568542,86.19554730912081,Organic Compost
Alluvial,Potato,99.41012640483756,25.395408328001647,130.46029353239595,Organic Compost
Laterite,Potato,67.53185665089065,64.18483056343406,98.89351981612049,Organic Compost
Black,Potato,149.9849733387069,42.752761912402796,18.615970567385467,Organic Compost
Sandy,Wheat,147.96123381175244,40.64056259892452,53.6760159405389,Organic Compost
Sandy,Corn,15.003397241845455,79.0051476658781,103.89943196677058,DAP
Black,Cotton,130.7152279623482,45.14641279159546,83.3701425109386,Organic Compost
Black,Wheat,146.2730874085164,33.594751936791944,39.79910793438793,Urea
Alluvial,Wheat,63.142727925662804,14.33820178412531,104.11829240824103,Organic Compost
Sandy,Corn,137.65149582617363,74.55664698160851,24.741000155832303,Organic Compost
Sandy,Potato,131.80671952489485,77.16394551989846,40.66537062988819,Organic Compost
Red,Corn,110.19432875974753,45.16322956192984,117.25119987655097,Organic Compost
Laterite,Wheat,136.31084011565238,14.479047692971799,83.37561577177372,Organic Compost
Alluvial,Potato,75.57733630341022,89.67545461872103,60.62263729884335,Organic Compost
Red,Rice,98.28518603108532,94.07398094137058,116.00332755775275,Organic Compost
Alluvial,Wheat,62.96975936877625,87.30328496776237,40.91548822289425,Organic Compost
Red,Corn,137.3726060530267,94.45034823593132,11.75674788644725,Organic Compost
Sandy,Cotton,132.77843633635797,28.780086206043265,79.4441851954962,Organic Compost
Laterite,Potato,91.53064020360227,51.90359543541318,108.21889566853245,Organic Compost
Sandy,Cotton,71.65028763966731,22.82168332783977,99.68944898481718,Organic Compost
Alluvial,Corn,31.162674146351716,65.03784351532966,43.525069134825344,DAP
Sandy,Rice,138.73824079385992,68.83480834839827,48.945154739162376,Organic Compost
Black,Corn,83.48281052078154,63.967612966206964,89.33344352502304,Organic Compost
Red,Cotton,137.70798606946818,97.15238033587245,101.86030595831015,Organic Compost
Laterite,Wheat,89.90293485665971,49.834452680283995,87.22224425275442,Organic Compost
Alluvial,Potato,128.80789182093696,78.27837334682025,94.1997219314721,Organic Compost
Black,Wheat,147.90473830083437,90.0356915866837,117.98390865150196,Organic Compost
Alluvial,Cotton,133.73018871642023,72.94338611298792,57.82431653062478,Organic Compost
Alluvial,Potato,28.282090058583428,26.162310565821716,38.37634836097007,NPK 19-19-19
Red,Wheat,148.65621484150793,89.12680701870305,16.38438133565207,Organic Compost
Black,Rice,92.73813589553889,18.072936730742917,112.74095775915748,Organic Compost
Sandy,Wheat,132.6454759970195,70.93308898528457,102.09517238217737,Organic Compost
Laterite,Wheat,26.345415402121194,47.38540869719185,36.12120552903747,NPK 19-19-19
Red,Rice,45.496968630467286,18.01145122605066,48.04339230782743,Organic Compost
Red,Wheat,127.78316920995826,70.94710845791069,107.6926577892172,Organic Compost
Laterite,Cotton,133.93205778956417,32.68132603111472,63.3606714705471,Organic Compost
Sandy,Potato,92.257896278023,71.1383985969403,29.71608344035603,Organic Compost
Red,Potato,55.56525403452993,15.09422190449188,126.6471116150453,Organic Compost
Red,Potato,26.777692615768544,89.13453770646183,119.08843914711511,DAP
Sandy,Potato,94.36860897998888,26.60815456629797,48.24849084703254,Organic Compost
Black,Corn,44.32142413721439,77.6650339953686,12.462948319148083,NPK 19-19-19
Black,Corn,96.50028156871582,80.82910750463427,56.79687246908929,Organic Compost
Sandy,Wheat,99.68701686807641,47.260094651319974,51.8356164588135,Organic Compost
Alluvial,Cotton,76.611130842863,85.2501524434919,104.93015172506833,Organic Compost
Laterite,Cotton,77.79542787220304,49.86923847906864,52.32812665746125,Organic Compost
Red,Cotton,48.078225217673406,54.10361857965057,66.68503355522928,Organic Compost
Red,Rice,87.42529815854417,68.3849692139415,64.62743541498634,Organic Compost
Black,Wheat,132.59147427444202,19.770683023252843,120.8426050199514,Organic Compost
Black,Wheat,15.139117592647974,26.7017142470543,117.10604659586856,MOP
Laterite,Rice,132.15287235846546,57.22367870640392,13.115049269686335,Organic Compost
Alluvial,Corn,25.432607220972578,81.0441670115732,33.534356972725206,DAP
Red,Cotton,104.58788747781806,80.81570210627507,144.10159838286063,Organic Compost
Red,Cotton,102.04916829587515,27.34691564911316,52.350554449197624,Organic Compost
Sandy,Cotton,63.615381549003864,28.328377701094965,100.1597135082663,Organic Compost
Black,Cotton,11.68128283179698,58.68278319585688,90.31332365686136,DAP
Sandy,Rice,80.84074686737125,58.933127768042574,76.03139218597441,Organic Compost
Black,Cotton,17.844078654847912,46.77919139888525,17.362805973694996,NPK 19-19-19
Red,Potato,97.4752398930813,98.92779910629038,71.37864105826762,Organic Compost
Alluvial,Corn,36.59951128831983,40.90998549646089,95.88898805927714,Organic Compost
Black,Wheat,45.155720154660855,92.3965055845027,129.35148908048873,MOP
Alluvial,Wheat,25.12354471014149,58.139020680774,87.76911553521616,DAP
Black,Potato,32.478093506843834,70.90630288118979,85.80082672537829,DAP
Sandy,Wheat,24.398856088652668,48.76969710137363,57.23805921610079,Organic Compost
Sandy,Wheat,69.84034996243,20.205849461041787,70.72178877044227,Organic Compost
Sandy,Corn,24.78157980661992,99.22616767446503,44.17915491296689,DAP
Alluvial,Cotton,52.195772838405546,24.333552490698494,29.714690538731322,Organic Compost
Sandy,Wheat,111.32449395708998,12.252259140747995,89.89018555630626,Organic Compost
Alluvial,Corn,66.72549453213455,93.36047051852469,59.441616319555294,Organic Compost
Sandy,Potato,77.83538735759053,30.211175734907627,85.21889851678272,Organic Compost
Alluvial,Wheat,67.38753834358606,71.16768594997058,146.92478644399588,Organic Compost
Alluvial,Cotton,102.26477863166532,76.2396839497463,141.10765472239052,Organic Compost
Sandy,Wheat,145.6555382450794,66.30774653822698,63.859630981133115,Organic Compost
Red,Wheat,118.47897851477387,76.58394709290368,85.34008021140362,Organic Compost
Red,Potato,53.24884894329573,50.90571010634333,110.02278915151533,Organic Compost
Laterite,Corn,85.72034103551088,30.28032203088952,146.40025784176402,Organic Compost
Black,Rice,36.4892607428087,65.52110161357636,119.11307096246489,DAP
Laterite,Wheat,42.17139570473631,13.410492659559646,96.56043496674071,Organic Compost
Sandy,Cotton,23.723281681610466,21.45263318055602,18.63326902303658,NPK 19-19-19
Laterite,Potato,72.06003805109353,50.204940039088626,60.78313071614771,Organic Compost
Red,Cotton,79.76545935075504,84.21541653662017,124.28681584531157,Organic Compost
Sandy,Rice,65.082741451309,21.866679067905725,81.07573544891181,Organic Compost
Black,Rice,122.52569265968668,50.6807459188373,82.67284224756195,Organic Compost
Laterite,Potato,109.37213048967966,56.14724276659084,140.29912163636675,Organic Compost
Red,Corn,89.01640957148399,89.80027809869874,103.1778944304242,Organic Compost
Laterite,Potato,121.74391236649834,80.79517550961117,61.03013503683094,Organic Compost
Sandy,Corn,93.13961105881211,45.946027160046526,126.97549909379957,Organic Compost
Red,Wheat,59.69524433806171,90.34098880104115,80.30535981547786,Organic Compost
Sandy,Rice,39.3409874713673,47.5606301644,130.73845563776754,MOP
Alluvial,Corn,64.68041286294564,38.6268889985317,31.155425881069217,Organic Compost
Black,Wheat,42.58811970053034,93.12342674151947,113.75103263599144,MOP
Red,Cotton,13.099593424741995,57.3872239694026,45.046838922854235,DAP
Laterite,Corn,133.72619396738838,27.940648083631533,125.13475301247952,Organic Compost
Laterite,Wheat,106.07265921350267,13.077590492906996,124.6366058899765,Organic Compost
Alluvial,Potato,91.09096653995495,51.99709329551684,68.77742952971073,Organic Compost
Black,Cotton,131.61516048422587,35.09498555360351,38.50438020285168,Urea
Alluvial,Potato,20.36790782958511,53.35812182104088,135.40408231740378,DAP
Laterite,Wheat,65.45707510723139,62.75986403745207,138.6955945136836,Organic Compost
Laterite,Cotton,19.681397694886904,41.31557752878932,36.61195776397827,NPK 19-19-19
Black,Wheat,73.35471016410209,55.589843429327594,14.571704843188364,Organic Compost
Laterite,Cotton,141.99276831854715,36.181612659689804,139.22011751458368,Organic Compost
Black,Cotton,26.565370220439345,80.26959113984705,60.930047223867994,DAP
Sandy,Rice,81.81703786800786,76.47958482056427,137.02053860336008,Organic Compost
Sandy,Cotton,47.19498517039722,94.22198483763623,74.10868340794693,Organic Compost
Laterite,Corn,27.787455033320555,55.227851583136754,88.5785720798697,DAP
Black,Potato,101.27360829778384,92.13943563105002,126.68609423520677,Organic Compost
Sandy,Corn,59.85482593265432,31.699940291669666,41.13480097168451,Organic Compost
Alluvial,Cotton,149.7576566685696,14.427009120881985,71.76010391167071,Organic Compost
Black,Potato,68.58870699993683,13.458602678015316,70.73500446787277,Organic Compost
Sandy,Potato,132.1373547627739,39.93066571663164,28.575486518518925,Urea
Laterite,Wheat,80.44865381049495,79.18613140409224,132.85637595832623,Organic Compost
Laterite,Rice,32.174496566178824,55.19336073732866,130.7579565533391,DAP
Alluvial,Corn,127.94329065381187,32.53593824790762,134.36919278665584,Organic Compost
Alluvial,Potato,112.04792576133102,41.188696278717195,134.27212892647395,Organic Compost
Black,Potato,129.25752676079236,42.48743103876446,30.39129274900991,Organic Compost
Sandy,Corn,86.44764294111901,85.75351887006528,33.814174466343786,Organic Compost
Red,Potato,134.4051886609632,60.441238410249724,91.6745818517401,Organic Compost
Red,Cotton,43.2456470111844,45.87660654796675,116.16279989186106,MOP
Red,Corn,16.216345184844247,81.67920799155938,65.50656002127425,DAP
Laterite,Potato,37.71625577489546,92.869065087268,71.85150866196477,DAP
Red,Corn,89.1564748730706,55.356920184285414,38.44240537098925,Organic Compost
Alluvial,Corn,34.00050862646053,98.5943181356743,75.59657297080612,DAP
Laterite,Rice,109.49630313823177,84.72091282607535,98.91407524783374,Organic Compost
Alluvial,Rice,107.71664662758887,43.38591817681185,35.37616082818343,Organic Compost
Black,Wheat,24.503600999647126,58.86895633717649,53.96110953829163,DAP
Black,Cotton,78.25031900683918,42.96728307361051,100.3618566456895,Organic Compost
Sandy,Corn,15.77776463244706,92.69675702947939,95.2714317029419,DAP
Red,Rice,76.05801647726592,88.19656766210475,68.07871577337522,Organic Compost
Black,Corn,107.09194930049568,10.8021505754574,36.40841141623829,Urea
Red,Potato,19.224199504132596,52.1659044927842,102.76165701235284,DAP
Red,Cotton,118.62060141221126,17.559055125024305,134.643287688439,Organic Compost
Laterite,Wheat,14.452774372737787,50.6051124659535,131.18926221941143,DAP
Black,Rice,11.800054776376498,19.898131218887542,60.91227600642494,SSP
Sandy,Potato,37.02169875802496,82.17676045203136,115.46159687687147,DAP
Alluvial,Wheat,78.24577316417616,42.86952596205868,62.58212693507351,Organic Compost
Laterite,Potato,96.01898175122413,12.52047875252126,140.45039602716437,Organic Compost
Laterite,Wheat,57.949999021139234,16.91645156751108,65.01222151227039,Organic Compost
Alluvial,Cotton,26.681986375665073,32.04451411242907,24.02006028336916,NPK 19-19-19
Laterite,Corn,93.35227131684509,40.84663722299613,41.636973851725685,Organic Compost
Red,Wheat,66.02036541983827,63.35668044029994,78.7774679886001,Organic Compost
Laterite,Potato,103.72980071709723,12.402384272816885,75.22204204707455,Organic Compost
Sandy,Rice,32.836956221395894,83.0891555395499,41.6023075848281,DAP
Sandy,Wheat,27.922249128481088,52.71811509482996,88.13980907641192,DAP
Red,Wheat,77.89146428158686,52.20485590967343,46.62683882069434,Organic Compost
Sandy,Cotton,68.49092657775586,87.77042165767466,25.352936148681867,Organic Compost
Alluvial,Potato,89.66652048511438,13.210697472447913,81.8930907677477,Organic Compost
Alluvial,Cotton,99.64862848168319,52.14708528399625,130.12191205956577,Organic Compost
Alluvial,Wheat,14.05898429985718,79.36557537759093,25.446868335528414,DAP
Sandy,Corn,47.7084230685546,83.73868861122682,109.49341443199692,MOP
Laterite,Rice,139.15598763939573,17.3268788524232,106.37898847404323,Organic Compost
Alluvial,Potato,14.925947983826614,15.367379147208117,62.29309451513869,SSP
Sandy,Rice,129.11283411544287,95.89407401988038,39.53570055963792,Organic Compost
Laterite,Rice,105.27767867022746,32.27209565512037,94.06620085503836,Organic Compost
Sandy,Potato,56.68398287443062,49.736682685977854,84.08661382451938,Organic Compost
Sandy,Wheat,27.600087089854668,52.782432171008416,115.14334027937797,DAP
Red,Cotton,131.684379886628,44.82574336789838,58.97746357094244,Organic Compost
Laterite,Cotton,114.90065047689504,37.46424974835607,143.20992149182933,Organic Compost
Black,Corn,50.53598469111869,57.132854764417814,21.08025355894932,Organic Compost
Alluvial,Potato,49.36142197595017,56.920067714506104,48.805391054446964,Organic Compost
Alluvial,Wheat,22.285847807799456,24.0153410731011,117.64148674887622,MOP
Alluvial,Corn,147.0814535652084,16.61002219051853,49.74843595302029,Organic Compost
Sandy,Rice,63.018890059152824,83.62988062697508,137.80021659501423,Organic Compost
Laterite,Cotton,12.393092816849752,46.678864414079456,41.93086317442886,Organic Compost
Laterite,Potato,96.14564218654387,99.5585538351863,34.885448506175095,Organic Compost
Alluvial,Rice,26.76185195998513,94.08127969649252,50.84572359988191,DAP
Alluvial,Potato,49.63070149505276,82.54472321680475,39.31338668240818,NPK 19-19-19
Black,Cotton,46.99638289895179,85.13791797999838,99.46454965653764,Organic Compost
Alluvial,Rice,144.287088104193,10.534758025991897,16.679167803542086,Urea
Sandy,Corn,69.22733520088207,57.25790609247814,87.48227647267785,Organic Compost
Laterite,Corn,149.7476985640533,97.88564712705633,144.6443527386433,Organic Compost
Sandy,Rice,121.0217358277158,98.97314311236987,134.93043153851988,Organic Compost
Red,Wheat,119.86879517367709,92.08610606130632,109.76485030219295,Organic Compost
Sandy,Cotton,123.35757118848227,95.74685858138233,60.74485643218969,Organic Compost
Laterite,Corn,82.38206134414024,27.701779071417523,116.09848101054595,Organic Compost
Sandy,Wheat,103.90282906307556,42.63934296570595,141.00541600601488,Organic Compost
Black,Corn,27.972135794559332,54.90829046743854,101.50910228740699,DAP
Sandy,Wheat,141.10675013907064,38.56745203447467,31.77173097106515,Urea
Red,Cotton,121.32215538016047,46.843581423535014,65.42955700430807,Organic Compost
Red,Wheat,62.524695763834345,53.740310341440406,66.9918961941539,Organic Compost
Laterite,Rice,144.92747099192326,94.2532287938677,128.72390637201937,Organic Compost
Red,Corn,72.87955638431474,58.27873571105429,113.89296295815423,Organic Compost
Alluvial,Potato,134.69500338476593,74.46979245310257,149.7038591519845,Organic Compost
Alluvial,Potato,126.61968391351851,72.78713405493977,106.7941023301026,Organic Compost
Laterite,Cotton,136.05264312866387,29.669361536850666,97.56955719633858,Organic Compost
Red,Rice,54.58039125082339,66.94936670771848,147.70271087780645,Organic Compost
Sandy,Rice,32.45122738668704,59.27395898345242,58.79444949605662,DAP
Black,Wheat,19.47429513211767,99.40508908651613,107.82176931854308,DAP
Red,Wheat,33.979569080901186,85.43583286171646,13.029505492322924,DAP
Alluvial,Corn,92.05547502573891,80.44621393241727,114.46107053575031,Organic Compost
Alluvial,Cotton,134.95159867318122,30.43286508540418,87.47494163216693,Organic Compost
Alluvial,Cotton,146.6723759381364,53.93403604785781,18.06997738363508,Organic Compost
Alluvial,Potato,92.07749804705753,72.92738781832387,83.52461059079137,Organic Compost
Alluvial,Corn,12.288533133066972,48.86675791642332,59.74250414017219,Organic Compost
Black,Corn,48.17351863754016,10.304096212757104,110.77624364499351,MOP
Black,Corn,97.9559231334006,50.560040854605816,21.026530626491784,Organic Compost
Sandy,Wheat,138.54684825216276,44.32022354100558,117.12662841734416,Organic Compost
Alluvial,Cotton,139.7816958095113,45.85399080934876,54.67334758221832,Organic Compost
Laterite,Cotton,29.09395501071475,17.416399112564,128.03539392069638,MOP
Alluvial,Wheat,111.6059130666963,29.287031444626106,119.52849713139477,Organic Compost
Sandy,Corn,97.41606824610282,71.1422910929482,78.25385985669998,Organic Compost
Alluvial,Rice,127.88542970477297,74.82918495937614,126.19410865374459,Organic Compost
Laterite,Corn,134.44431155190756,38.99741055831665,11.876673995278743,Urea
Alluvial,Corn,136.353155462281,84.62188266835582,110.34870367679167,Organic Compost
Sandy,Potato,30.943671860658174,84.33763026251383,50.78239321872105,DAP
Black,Wheat,138.8379676642154,48.47444847948882,61.107091574774316,Organic Compost
Alluvial,Potato,78.2994903312837,29.484298944880297,26.366439919206776,Organic Compost
Black,Corn,121.21129577911283,68.75362212885463,42.500843220054946,Organic Compost
Black,Wheat,34.87182709939745,57.887251361460734,59.87241122651781,DAP
Alluvial,Wheat,133.61334381864958,37.66354472836404,106.87895308794421,Organic Compost
Red,Corn,31.207495824194144,46.053042158783,77.59444920905756,Organic Compost
Black,Wheat,120.76235619260956,66.37279100289922,72.35615089025129,Organic Compost
Laterite,Cotton,89.12765296488516,65.02908130655265,19.650578297372473,Organic Compost
Laterite,Wheat,49.962690207981176,65.35460489757084,147.07570376427233,MOP
Sandy,Rice,131.4518539782222,45.26374359006379,61.15523540723255,Organic Compost
Red,Cotton,143.99187444219064,90.88664905773804,75.8462123626674,Organic Compost
Laterite,Cotton,126.10584440869359,13.104444598173448,55.606379549905654,Organic Compost
Red,Potato,142.90708319348937,11.009880097971626,38.20161818913128,Urea
Black,Rice,90.20124055535936,24.977816697020728,135.20698522619415,Organic Compost
Black,Rice,36.55066820273512,30.531016298829535,138.74703836974123,MOP
Laterite,Cotton,117.60349522863851,43.933272236582745,137.28478209027858,Organic Compost
Alluvial,Potato,99.39350646683305,90.8433175307342,98.18371851396792,Organic Compost
Alluvial,Potato,17.66354902739117,79.84440629824422,95.91890745894075,DAP
Black,Rice,21.54413091775354,76.23524815509002,86.51023994570363,DAP
Red,Potato,35.63895202004778,64.54301072683407,39.62149883986879,DAP
Alluvial,Rice,36.70505643727337,10.645699451540846,35.38383140785271,NPK 19-19-19
Laterite,Wheat,58.05740199013657,71.84102683238251,79.8020802347697,Organic Compost
Alluvial,Rice,115.22831109941743,65.84218714463296,74.37116185848058,Organic Compost
Sandy,Potato,18.12886744475278,87.06196375224583,144.48411340175298,DAP
Alluvial,Corn,92.50880071076782,89.74457561710683,61.06346412157041,Organic Compost
Black,Cotton,63.07950420816294,53.083198076570696,36.05850161153393,Organic Compost
Alluvial,Rice,99.55022187102183,13.1250581284287,106.68612802111578,Organic Compost
Laterite,Wheat,62.405579045799534,51.743954689089676,95.27688710986156,Organic Compost
Alluvial,Rice,148.5612046652829,42.754499506363864,128.733252932157,Organic Compost
Red,Rice,28.261523634668507,81.78089972810697,109.37579048878266,DAP
Red,Cotton,82.0374327867292,17.873164517583525,101.81885280034237,Organic Compost
Alluvial,Cotton,23.05428869099017,33.71603055840144,136.32311628189382,MOP
Laterite,Potato,101.55211410518969,58.13363484488298,93.48586470054069,Organic Compost
Sandy,Cotton,114.19933150118298,77.1484115974804,103.90160361102124,Organic Compost
Alluvial,Wheat,43.93909330085035,25.172380314785748,65.20771103320521,Organic Compost
Alluvial,Corn,141.43142736540005,48.459684337660704,118.38195094960324,Organic Compost
Red,Potato,51.33195493776493,76.53386356532629,121.74829875738581,Organic Compost
Sandy,Potato,52.723730286346296,54.529915912629605,36.11305616736274,Organic Compost
Alluvial,Cotton,42.655605055156784,56.34841633262253,55.055851143671184,Organic Compost
Red,Potato,112.81671183069805,16.52487346045491,135.3418372792526,Organic Compost
Red,Corn,102.36042516958967,96.37202972026125,24.00173324991797,Organic Compost
Red,Rice,16.94578313267045,54.95908809913439,45.316317468259946,DAP
Alluvial,Rice,38.89414391474531,59.58213759530972,25.504036826765983,DAP
Laterite,Rice,39.104327736840226,45.69073451173728,25.570320500310153,NPK 19-19-19
Laterite,Corn,19.16500930067044,44.23410433346259,10.50490105490461,NPK 19-19-19
Alluvial,Wheat,69.55812246166947,21.431869280765905,51.491464957715095,Organic Compost
Black,Corn,38.213780408553944,40.71783164409041,145.32609891699,MOP
Black,Potato,16.194197662493163,58.2245055504498,108.87243859282411,DAP
Black,Potato,105.33691008964692,59.73711236462745,88.90096798871684,Organic Compost
Alluvial,Wheat,89.86296288212823,99.76295633947335,147.26428391964083,Organic Compost
Laterite,Corn,73.72566862679663,51.59034304315771,69.96793464527119,Organic Compost
Alluvial,Wheat,48.3017974940119,93.4109904802984,78.63221140467094,Organic Compost
Red,Potato,76.54251445346681,74.64612465192187,57.1634750267212,Organic Compost
Red,Cotton,79.7720023631287,43.040283088024886,133.41787654952014,Organic Compost
Sandy,Corn,104.91972213396183,46.65217755358635,13.64810403798302,Organic Compost
Laterite,Cotton,23.450636589369857,85.10049616129868,115.35261247985069,DAP
Laterite,Cotton,135.62745517962762,35.961251537631554,44.86279469494791,Organic Compost
Red,Rice,124.88758302940725,27.567443284833296,30.06143880033082,Urea
Red,Rice,43.1858112486152,79.67714425428923,43.605378626980965,Organic Compost
Black,Corn,15.885096306658898,97.33454405132387,123.00611953641207,DAP
Alluvial,Potato,50.875374491121605,63.75195714898759,110.42317772669116,Organic Compost
Alluvial,Cotton,124.46323657321646,58.982474304607464,14.50749909222716,Organic Compost
Black,Corn,140.9940608314416,45.27045288423221,66.40120348101456,Organic Compost
Alluvial,Rice,137.5519184203668,83.17782677024377,52.715286629691505,Organic Compost
Alluvial,Wheat,131.01986799309446,10.303564919549995,38.175442526687064,Urea
Red,Corn,116.35963244745544,78.5302823914409,120.45680629932113,Organic Compost
Red,Corn,26.50688365483979,30.878648648531954,136.52148885233305,MOP
Alluvial,Rice,105.51209746072176,57.741670003673384,21.647114759211014,Organic Compost
Red,Corn,94.7043354759292,20.96552002190399,86.80863549607724,Organic Compost
Alluvial,Potato,51.8157577339788,20.73204201873351,67.27064483925338,Organic Compost
Black,Corn,25.03577931675855,95.49123349775813,25.28759391954854,DAP
Red,Corn,141.31888934176118,30.943738034998436,14.869897320222767,Urea
Laterite,Cotton,10.043362468100831,89.40529855408448,12.760762508603758,DAP
Black,Cotton,60.63671358203541,76.43951201226879,66.244328759497,Organic Compost
Red,Rice,133.30553732794056,58.39593137048809,129.99178489399227,Organic Compost
Laterite,Rice,90.43936651240665,14.357737522952347,66.74792532826018,Organic Compost
Black,Wheat,60.284302303025854,44.50164708387002,76.48996942397386,Organic Compost
Black,Potato,45.991455059191544,77.59296653838477,57.55125830237376,Organic Compost
Sandy,Wheat,85.60021883615394,73.44216354197297,105.04668523387285,Organic Compost
Sandy,Corn,99.73598537709925,15.454932140603214,23.392902098637833,Organic Compost
Alluvial,Rice,68.34067609622687,65.61757421625767,103.15287928121109,Organic Compost
Red,Rice,127.16648234433168,69.85433011443041,47.35252949291518,Organic Compost
Red,Rice,50.963502107351985,59.66110572215461,18.960011585334165,Organic Compost
Red,Cotton,96.21057185721742,59.568915373493766,45.07019945743154,Organic Compost
Black,Wheat,41.704484526127686,90.79347038253223,147.156844501016,MOP
Alluvial,Corn,138.35526088327882,67.84677103612826,14.647508054765783,Organic Compost
Sandy,Wheat,25.783220347537476,66.50048563447041,112.5982911503118,DAP
Red,Cotton,55.47519411948657,81.01811364367721,57.75010233980966,Organic Compost
Red,Rice,133.08539682482052,59.36260790578566,49.921880423835866,Organic Compost
Black,Corn,106.7191645652469,29.863035969001047,96.04992964298928,Organic Compost
Black,Corn,44.26628110641826,68.39634958250633,96.68231218082812,Organic Compost
Alluvial,Corn,70.89427488917036,20.077567343829394,29.74695663497762,Organic Compost
Alluvial,Corn,91.60202008399717,75.91555412715302,58.21199465663481,Organic Compost
Laterite,Cotton,62.19339848844877,71.17082807415755,109.81423417833366,Organic Compost
Alluvial,Corn,48.82521187455089,28.475232095773062,60.99135072171054,Organic Compost
Laterite,Potato,123.93230481642283,83.15410552020955,92.16870992261205,Organic Compost
Sandy,Potato,33.74204011489988,87.65200307158544,79.74078121283937,DAP
Sandy,Potato,134.86252337079094,66.90903813498248,58.62830601160241,Organic Compost
Sandy,Corn,19.450172042134252,29.544806436079803,74.76164613092261,SSP
Laterite,Potato,16.36691318284517,63.028081608746774,111.06935579005068,DAP
Black,Rice,30.974280046454464,49.97431650812503,34.76084969314819,NPK 19-19-19
Black,Wheat,32.11249213904753,91.37473155604674,42.288850392597865,DAP
Red,Wheat,129.12688510113998,51.26208491311514,13.359432412010223,Organic Compost
Red,Rice,21.836066953217227,98.68102468185796,92.33561986378433,DAP
Alluvial,Cotton,35.52386530310953,97.64562384776933,80.82842759449726,DAP
Sandy,Wheat,16.633302627847073,91.65166153996535,132.27111253822045,DAP
Laterite,Corn,126.23984489074715,39.214009655168546,68.66817581283334,Organic Compost
Laterite,Wheat,59.47576947707162,66.58029340284637,133.9395794619618,Organic Compost
Red,Rice,63.425550341402456,35.91428992333613,49.97146282353826,Organic Compost
Alluvial,Potato,106.26471413913106,41.4338415262875,81.65588649275763,Organic Compost
Sandy,Potato,15.229228874213796,55.02380567297157,129.61921444586653,DAP
Sandy,Potato,48.761872375121925,45.79130216305309,105.23718802200044,MOP
Laterite,Rice,29.309218566918464,98.36354889683552,61.76575449921431,DAP
Black,Cotton,37.415506839722084,21.75615701823626,140.7535784513333,MOP
Black,Rice,44.111559945920106,96.12785707392796,74.64826260358079,Organic Compost
Sandy,Cotton,57.57798012097295,62.6042388027004,55.99943859239691,Organic Compost
Sandy,Potato,96.68240345277862,65.76283902004192,15.2862795437761,Organic Compost
Red,Cotton,67.91607692346054,59.523768807326014,51.448880159147315,Organic Compost
Sandy,Rice,130.6064737279772,39.64485897879368,61.53870259735935,Organic Compost
Red,Cotton,79.11671969570901,22.896850871289267,28.87849075262134,Organic Compost
Sandy,Rice,146.29100570029973,44.210517298710776,89.23927735768686,Organic Compost
Black,Corn,113.91105697338945,71.92368697108193,57.16994704684148,Organic Compost
Red,Wheat,49.44030654664952,28.926570409255596,29.07882268170435,NPK 19-19-19
Laterite,Potato,118.07846983565672,95.34200821502218,26.212684508637082,Organic Compost
Sandy,Corn,54.73686880297692,23.60646274035288,123.44243922668592,Organic Compost
Black,Cotton,85.28790889124534,15.358972420224664,87.77102932578639,Organic Compost
Black,Wheat,36.62493897335895,29.934075251812818,72.02560119784161,Organic Compost
Laterite,Rice,78.25915085904947,44.305750086866205,110.64291725517892,Organic Compost
Black,Cotton,64.19832505811983,13.093138531121323,66.37818007247495,Organic Compost
Black,Potato,51.035663078684486,39.05491504928221,19.231724328300164,Organic Compost
Alluvial,Rice,131.8200207772432,90.31835597824355,100.12366417281453,Organic Compost
Sandy,Potato,114.18605501242304,57.87836199145006,95.19172795354854,Organic Compost
Sandy,Wheat,125.18416434552911,95.21193500161831,24.93553564744292,Organic Compost
Red,Rice,110.406164561538,77.05721540459962,136.6967634494354,Organic Compost
Alluvial,Corn,10.0462222963267,52.503711471569375,14.101118700751892,DAP
Sandy,Wheat,21.351807777280108,81.59907487768201,55.43066928680133,DAP
Alluvial,Corn,56.91739733747146,45.229241820057005,148.5890087784916,Organic Compost
Alluvial,Rice,148.224176887808,81.28172871461216,149.07145012349244,Organic Compost
Black,Wheat,89.9759662282529,10.68861210950962,101.40713476201105,Organic Compost
Black,Corn,45.48567977400514,88.81294356483089,74.37514032728505,Organic Compost
Laterite,Cotton,117.72523922268024,84.01979121840341,146.12110177712663,Organic Compost
Black,Wheat,64.67869433978444,19.863808330161433,135.3623439273391,Organic Compost
Laterite,Potato,60.39461348364176,67.54048871512653,139.10796133699594,Organic Compost
Red,Corn,89.37306658943342,78.79895761331728,116.06173658066804,Organic Compost
Alluvial,Wheat,116.05377917859823,85.69248739816706,116.65383356262092,Organic Compost
Sandy,Cotton,149.54169614808265,49.10524243473739,13.42505838625068,Organic Compost
Alluvial,Rice,127.60398311169419,96.88956041140968,70.97507407868332,Organic Compost
Alluvial,Rice,98.00952859489949,94.13513219577119,45.94417224083811,Organic Compost
Laterite,Corn,47.48523317553583,61.4709070894333,145.05597790255786,MOP
Black,Corn,132.63074956234547,25.846033243389186,47.087007089694815,Organic Compost
Alluvial,Corn,136.46869905124814,42.64796450810589,27.50151481257811,Organic Compost
Red,Potato,148.70150773466472,78.11018262806837,127.17151016074702,Organic Compost
Sandy,Wheat,131.9420002351249,68.09414852497176,142.46431867148834,Organic Compost
Black,Corn,55.81852706640301,73.15624094145213,71.46742559319532,Organic Compost
Red,Corn,31.317895994121653,57.508678710060614,93.19549940798862,DAP
Sandy,Rice,33.57797495271974,69.73427489063221,70.11375953317467,DAP
Black,Corn,111.41348721232872,73.0663389400872,88.46832552693428,Organic Compost
Red,Cotton,101.76854729462013,52.02299598073437,75.73765995909461,Organic Compost
Laterite,Potato,57.73102324398739,36.73692620168254,42.768748960090484,Organic Compost
Laterite,Rice,105.13726071992589,31.255478423458957,62.779136089463684,Organic Compost
Laterite,Cotton,85.15366370438976,74.61291910534473,39.00540606522156,Organic Compost
Black,Corn,50.681092046652715,97.65551868919847,73.21165747045427,Organic Compost
Red,Corn,70.41760059343503,67.68024983534863,142.25926711555772,Organic Compost
Red,Potato,67.6002806941982,41.26003891579571,72.23125468970258,Organic Compost
Black,Rice,32.111807984515394,58.19660365482175,145.2866807327901,DAP
Black,Corn,36.08334645034303,93.41347185355585,108.79627050333355,DAP
Red,Corn,52.306743769927266,16.046667687151118,45.37910035927749,Organic Compost
Alluvial,Cotton,94.23380304690313,64.77145518754148,64.34534014639507,Organic Compost
Black,Corn,126.7933801496896,52.860953216544615,148.28826649919714,Organic Compost
Black,Wheat,100.94133224649745,14.532669909405623,101.46758941863352,Organic Compost
Alluvial,Wheat,125.32218321878378,62.367431561619625,109.28200319820499,Organic Compost
Laterite,Cotton,88.93444728052394,24.170766147086198,129.8609401634318,Organic Compost
Laterite,Wheat,72.95263283580915,35.238687541621914,29.716679871421725,Organic Compost
Sandy,Potato,53.712457546902925,91.85847129220498,103.9417464782818,Organic Compost
Black,Corn,14.795640307729595,34.685233860261874,148.59238541060125,MOP
Laterite,Wheat,85.22989666820419,73.90998027155918,17.869338101271104,Organic Compost
Alluvial,Corn,91.7236315383911,88.35691138587929,47.61450642108595,Organic Compost
Laterite,Rice,34.71017115252779,64.9325592389716,46.89300194772248,DAP
Red,Cotton,65.88530709844476,63.38725818021513,86.34447421290382,Organic Compost
Red,Cotton,15.525458830406942,64.24356424655778,27.277003529166706,DAP
Alluvial,Potato,130.40234540733636,42.36730688611023,55.48412490737062,Organic Compost
Sandy,Rice,143.4304051110888,31.80882082336525,76.0122919954472,Organic Compost
Red,Wheat,120.48529134150411,96.80637153559807,95.16623572057874,Organic Compost
Laterite,Rice,87.71193506619477,19.7926651207059,140.49821026216293,Organic Compost
Black,Cotton,112.82261889181632,55.09185148140626,94.61060649456866,Organic Compost
Sandy,Rice,38.05044256048304,58.831318306726104,71.63065621594028,DAP
Laterite,Rice,129.41062865161098,38.57200692692998,93.74826541114024,Organic Compost
Red,Potato,23.564902562983534,31.23107800284595,17.22985161118593,NPK 19-19-19
Alluvial,Potato,22.243021910385515,11.82244418110829,110.70029202131923,MOP
Alluvial,Cotton,102.17957618759613,64.2964312943798,67.90635890891525,Organic Compost
Red,Potato,18.918434347805686,88.82378578463735,125.54412002424804,DAP
Black,Rice,140.51187774582485,34.4473117670887,113.94373747727947,Organic Compost
Black,Potato,84.48485615667461,25.88987730185565,98.89930983092931,Organic Compost
Laterite,Corn,123.13544852600808,51.740871017981775,35.31348890526894,Organic Compost
Sandy,Rice,147.0926316616142,81.57928186073691,109.05515642777947,Organic Compost
Black,Wheat,113.03921143581843,79.33889758611105,42.35350695406367,Organic Compost
Alluvial,Cotton,43.07457548011605,91.75442926341375,80.37090684711951,Organic Compost
Black,Corn,108.21276879565407,44.91374838893849,10.024572220109263,Organic Compost
Alluvial,Cotton,133.5665585305444,30.042461055647696,25.807447440242626,Urea
Black,Potato,121.52273109567021,87.53004411092094,128.43844283421242,Organic Compost
Red,Rice,80.77643131554298,68.51275611822678,55.07763221977735,Organic Compost
Black,Corn,79.39301352156868,11.153650011903432,143.0903874616326,Organic Compost
Black,Rice,36.88136871330323,35.881457400273554,147.59739672272136,MOP
Sandy,Corn,10.908331729273703,73.61599216861885,141.24540629392422,DAP
Black,Corn,99.17210055976304,77.18137832995998,139.8659929207279,Organic Compost
Alluvial,Cotton,58.254239741756685,41.49356803942669,86.02175140200838,Organic Compost
Red,Rice,96.95882309407283,46.55114268681194,54.06590900050767,Organic Compost
Black,Rice,75.25989897844411,77.48553552808818,34.83773841517308,Organic Compost
Black,Rice,21.205785372801685,77.99491618271085,11.330868338534788,DAP
Alluvial,Cotton,82.13575097576076,98.47147876355336,18.11966014617918,Organic Compost
Black,Wheat,23.672550753411258,81.39787958942388,125.51280451169804,DAP
Laterite,Rice,62.451432831456536,11.514998787450532,64.64047411750673,Organic Compost
Alluvial,Corn,45.61033543289346,48.87888331826416,17.940119359511574,NPK 19-19-19
Sandy,Cotton,115.88128934045513,47.19813052609992,68.83256859220441,Organic Compost
Black,Potato,38.27172103167756,23.92077728151214,77.43628761261532,Organic Compost
Sandy,Wheat,142.8516183797964,16.590835384951053,93.9815162417066,Organic Compost
Sandy,Corn,83.26878921868129,76.11598363890099,87.46798847398354,Organic Compost
Red,Cotton,59.53143796564672,67.47154639350691,92.56575849050552,Organic Compost
Black,Potato,76.52644771458216,24.613230207375373,27.195715960462095,Organic Compost
Laterite,Potato,137.2031023082926,46.952676889204504,64.02900026344665,Organic Compost
Laterite,Potato,57.33253302825467,37.2381140972628,131.5337331997665,Organic Compost
Red,Potato,37.89386300184654,54.6611656482956,136.03878379787682,DAP
Sandy,Wheat,109.14123628368415,80.08071984047402,88.94942410893485,Organic Compost
Sandy,Rice,143.8780241130762,78.8353657392477,66.73594928009507,Organic Compost
Alluvial,Rice,67.46957063720455,17.02168291006629,134.93185189112071,Organic Compost
Red,Rice,93.82126774794226,49.95402847328013,93.5744401583739,Organic Compost
Alluvial,Potato,110.16313491087735,82.5336429543519,46.388306340081314,Organic Compost
Sandy,Corn,141.48742062883022,75.29551165825852,139.54799350781582,Organic Compost
Sandy,Cotton,19.92788624520948,54.99171610262269,132.3493151140275,DAP
Sandy,Cotton,141.29092015014942,84.40176733043062,130.05080359401586,Organic Compost
Laterite,Corn,67.20469590125361,86.2030651015361,32.128582040830906,Organic Compost
Laterite,Potato,20.471530719571504,98.96722005933294,104.47150014421783,DAP
Black,Cotton,27.255519139328264,23.47530077315713,119.57280976545513,MOP
Sandy,Cotton,107.63012935672788,30.20324511094555,19.583443719645985,Urea
Sandy,Cotton,83.43616919310509,83.48032378689143,114.90692517121254,Organic Compost
Black,Wheat,12.292766906986968,85.89724076835917,90.9555383471406,DAP
Red,Corn,77.84233164766653,93.38329906402628,59.556044717040926,Organic Compost
Red,Cotton,70.44745534779811,44.40303231907642,100.66098871296026,Organic Compost
Black,Cotton,80.67228464903502,29.108933636564352,20.447376998674407,Organic Compost
Black,Rice,53.498590620508395,62.25812203239553,143.50447148511122,Organic Compost
Laterite,Corn,104.23586232339359,26.10356604047523,78.96535503939573,Organic Compost
Black,Corn,122.1157207018628,51.46290889714885,18.799094956096912,Organic Compost
Laterite,Cotton,86.27422424327588,93.20449226772628,90.12963168386742,Organic Compost
Black,Cotton,133.16737130733912,49.62816781767151,97.52916504401021,Organic Compost
Red,Rice,25.616987028560025,25.993401507713266,120.19720081152187,MOP
Red,Cotton,86.3267160726415,59.900970507997535,98.47061479920224,Organic Compost
Laterite,Corn,138.96059926285662,89.5700758510376,23.719263884159822,Organic Compost
Alluvial,Corn,32.533768243942085,46.840866744605016,102.62074368036818,MOP
Laterite,Wheat,95.86009513663817,83.23734660107928,13.679868127264989,Organic Compost
Black,Rice,55.82670760497618,98.68218487972652,61.543520035853184,Organic Compost
Sandy,Wheat,17.647015108465354,54.19403395951396,22.798316876032477,DAP
Alluvial,Corn,31.775612810068225,96.7318449360986,142.55056874152228,DAP
Red,Wheat,99.56467968527514,58.03779885344075,124.18217727220761,Organic Compost
Black,Corn,131.54053082201193,19.390154758217417,10.200675810584256,Urea
Alluvial,Wheat,83.34763473861561,64.7189408076884,149.51309006945414,Organic Compost
Black,Potato,55.44641392360683,26.449651239714672,135.4213714821015,Organic Compost
Alluvial,Rice,147.4474291677152,75.78655373450044,129.07309534469644,Organic Compost
Alluvial,Corn,47.68938867601573,84.62762012232238,10.922936747451462,NPK 19-19-19
Sandy,Rice,62.40718881442747,86.38018080568388,32.8082546671407,Organic Compost
Alluvial,Rice,99.55828870227437,95.66268416102493,147.5304525452725,Organic Compost
Red,Rice,83.08020302128759,64.71280526183918,63.54211870758245,Organic Compost
Sandy,Corn,108.70297632956023,36.19061149412482,18.08728185608958,Urea
Red,Corn,40.11823169945508,59.651160737737555,94.2470218954657,Organic Compost
Sandy,Cotton,38.16577990333124,57.0896217970563,58.465943079909444,DAP
Alluvial,Rice,42.49800429443483,14.28511405847393,90.15916354567644,Organic Compost
Laterite,Potato,90.05339924507571,72.76488054122939,104.31780973868005,Organic Compost
Alluvial,Potato,124.06761538858348,48.080637779295735,136.46405345926598,Organic Compost
Alluvial,Rice,100.73219569518388,87.67611966281419,51.03967143612987,Organic Compost
Laterite,Rice,41.96345958752494,42.51355561633554,13.075879912351038,NPK 19-19-19
Sandy,Cotton,82.06869908006351,84.4203910443031,20.65414781667073,Organic Compost
Red,Rice,136.44916549767674,25.047741652132274,76.7074560304068,Organic Compost
Alluvial,Rice,93.46701589764822,87.49368410736683,40.196791516203994,Organic Compost
Sandy,Potato,55.59334251893317,12.743493428024923,12.907504139454769,Organic Compost
Sandy,Corn,94.75398512177189,65.46768848620246,33.842658692089415,Organic Compost
Alluvial,Cotton,73.32915432877958,56.56437629632406,14.244324606921769,Organic Compost
Red,Wheat,126.95991457750345,65.74793985410919,114.82130894153276,Organic Compost
Black,Corn,65.2400377848534,81.26868385562614,75.55793023702897,Organic Compost
Laterite,Corn,53.506637352138995,99.9234610100793,114.83748638465916,Organic Compost
Red,Wheat,57.82624874542687,12.597835551222769,65.3123931299286,Organic Compost
Alluvial,Cotton,97.68215326834122,17.556013276381144,133.89910587530363,Organic Compost
Alluvial,Potato,44.12772903158184,36.73818719022887,90.80831305763404,Organic Compost
Alluvial,Wheat,90.7675271057731,21.34473480571662,42.88021701980407,Organic Compost
Red,Corn,102.93341473503959,71.48874785928278,77.41747559781639,Organic Compost
Alluvial,Potato,129.21715638691143,14.999251013888141,30.823811382009648,Urea
Sandy,Rice,113.51760376393682,16.86264079116281,138.90707397712478,Organic Compost
Laterite,Wheat,94.83302422107954,53.31191098391529,113.79529611916496,Organic Compost
Red,Cotton,100.83103618220346,39.15064249939462,139.75094921730218,Organic Compost
Red,Cotton,42.545665630346875,36.78980553363829,71.78355573438444,Organic Compost
Laterite,Wheat,42.56742244131246,66.38438186516844,138.97011401487998,MOP
Sandy,Potato,122.42271352191132,52.894646333873574,121.93175055469284,Organic Compost
Laterite,Rice,90.93969432669684,14.732817419293937,45.743932163977924,Organic Compost
Red,Rice,138.37767560539635,55.037754625157355,86.36639258334766,Organic Compost
Black,Wheat,82.36019357522443,91.45756339848583,120.59058094782321,Organic Compost
Alluvial,Corn,71.28868354816808,10.281191468263447,132.46799075046704,Organic Compost
Red,Potato,122.89833436263073,32.34866347223583,62.18538080940423,Organic Compost
Red,Wheat,78.50943755706193,23.844391905119725,43.99175703387414,Organic Compost
Black,Potato,111.6513059349464,53.0216475993585,114.80423233730237,Organic Compost
Sandy,Rice,59.547515455629394,77.8923328920513,55.239768876375706,Organic Compost
Sandy,Wheat,105.17802928654328,61.990225320985196,61.63212388632163,Organic Compost
Red,Cotton,109.45877217369294,18.221430445352283,145.87591586180636,Organic Compost
Red,Corn,137.16040728822605,47.50123423882942,54.01740369233135,Organic Compost
Red,Corn,70.95566822962394,16.620492607994457,79.78185766089922,Organic Compost
Laterite,Potato,95.83506343378257,89.03946792467826,143.765938669323,Organic Compost
Laterite,Cotton,20.534722474910602,50.410502132233866,23.285043441019276,DAP
Sandy,Wheat,50.217216338844715,16.909006343048265,53.43330060170282,Organic Compost
Black,Rice,107.9943177799372,84.52976583414767,120.81574088664803,Organic Compost
Laterite,Rice,145.41564715349327,49.51635532677456,143.04696533357466,Organic Compost
Red,Wheat,142.30306845493342,56.6082657263018,126.46770437673091,Organic Compost
Sandy,Potato,82.56631018137641,68.27992998880802,66.9352257735322,Organic Compost
Laterite,Corn,124.44267107097345,28.579842291616206,83.84174637808898,Organic Compost
Laterite,Wheat,81.53955087080794,17.123375885475486,92.2296483593185,Organic Compost
Black,Cotton,19.486019589004272,91.70435304363568,49.43101558132595,DAP
Red,Cotton,39.9655568477952,63.61241462322114,23.102478490139163,DAP
Laterite,Rice,129.74867361570716,91.56406575608472,129.0633182707162,Organic Compost
Sandy,Wheat,114.29512778452505,67.00888281537641,105.00778069835526,Organic Compost
Alluvial,Rice,135.5880455721209,11.540987721744571,107.83488137419948,Organic Compost
Alluvial,Rice,108.87194379411632,99.45207894086039,106.25628677396631,Organic Compost
Alluvial,Rice,125.7813834305693,35.61669207453872,72.44801159302173,Organic Compost
Sandy,Wheat,64.99197999406756,89.77747490257376,81.35161827386295,Organic Compost
Black,Corn,16.351999118335243,60.158077478562106,19.82267106953866,DAP
Laterite,Corn,88.52511013254748,94.2572387003689,123.44655106061697,Organic Compost
Alluvial,Wheat,64.45418798791123,70.16368845761009,141.37684442530062,Organic Compost
Red,Cotton,90.32770278111094,78.09487207641928,48.25309872495268,Organic Compost
Laterite,Wheat,101.60890846272525,88.46520187599194,145.77332848468953,Organic Compost
Black,Potato,121.51750723418483,86.63777247587443,97.24425402439499,Organic Compost
Alluvial,Cotton,96.67239913833215,62.60040138803615,94.91357081150872,Organic Compost
Sandy,Cotton,33.81141185742625,43.056455285365125,92.0402418290996,Organic Compost
Sandy,Wheat,146.9414370917655,33.68352336420963,75.74804328993113,Organic Compost
Red,Potato,135.66596116793392,13.415475721588372,143.38722560146664,Organic Compost
Red,Corn,82.130491477981,14.412812172911302,19.968013786429744,Organic Compost
Sandy,Corn,125.16172250260051,69.54238192380339,32.800160829295876,Organic Compost
Black,Rice,69.50954430624105,93.23073187426122,33.37690351206146,Organic Compost
Red,Corn,18.851407495088708,81.59058623598287,97.04631405335562,DAP
Alluvial,Rice,32.93391290320415,13.613299302586633,33.344379607631126,NPK 19-19-19
Laterite,Rice,44.60477566148486,33.30839596887701,132.58069133348,MOP
Red,Potato,112.09527623797804,13.213985412532878,61.12286979492402,Organic Compost
Laterite,Wheat,36.09835972942586,20.81723873009848,131.84252898997795,MOP
Alluvial,Potato,58.862619755942035,96.24570653300263,21.642642638545084,Organic Compost
Sandy,Wheat,146.11099193538078,98.04013017232371,75.97126632652406,Organic Compost
Laterite,Corn,38.29180409684144,90.06412556119551,137.63562060616303,DAP
Laterite,Corn,102.65502371847498,84.45492593847452,105.95692722564495,Organic Compost
Laterite,Cotton,114.14434017660666,52.6094081054447,51.2708357610513,Organic Compost
Black,Potato,33.16182960264288,68.42703561728439,44.19352553234464,DAP
Red,Corn,101.8626529022828,81.19771493752269,59.68849765105901,Organic Compost
Black,Wheat,129.10229584204524,36.5156469716413,11.055752980239815,Urea
Black,Potato,134.59504505012725,97.04090604292728,19.86159803583645,Organic Compost
Red,Cotton,86.7664797941714,18.3620495196733,62.84967927925316,Organic Compost
Laterite,Wheat,102.56672596247132,73.31365994469098,29.145703305874257,Organic Compost
Red,Wheat,92.74335834734505,41.27804763943139,10.825571605150145,Organic Compost
Laterite,Cotton,102.9357045991518,57.09322433399333,124.9415763511783,Organic Compost
Black,Cotton,124.16611321236452,48.294227210638894,23.537773976487216,Organic Compost
Laterite,Wheat,103.9116061085395,42.61710270041926,114.65396478069923,Organic Compost
Laterite,Corn,49.964080840201106,36.79047814116734,75.64501797122975,Organic Compost
Laterite,Rice,54.392430218377584,86.83867918017798,122.36825902400471,Organic Compost
Sandy,Wheat,86.49158874365924,85.14407336737688,52.38147145095068,Organic Compost
Laterite,Corn,119.84725972779832,11.956672705300738,43.523673971970275,Organic Compost
Red,Corn,133.27427359139608,67.69380864411048,63.24818397493548,Organic Compost
Red,Potato,38.94941830537682,72.58874693214248,35.36962643196904,DAP
Alluvial,Rice,49.890172773516,68.2488221045419,32.52367148388825,NPK 19-19-19
Laterite,Rice,78.73044231430517,49.12250628775309,89.32418857302675,Organic Compost
Sandy,Rice,148.61209244107155,60.177193857483935,14.927300299624891,Organic Compost
Laterite,Rice,71.19102616055503,12.163392699976798,139.4200253020462,Organic Compost
Alluvial,Cotton,86.45278554149496,96.20318644780221,114.67024576354822,Organic Compost
Laterite,Potato,59.55937973625334,59.89276367455689,96.15679483988791,Organic Compost
Alluvial,Corn,89.83473749263594,31.298984153174246,30.07259394955354,Organic Compost
Sandy,Corn,113.50054802450119,92.45684332664987,74.07996720975255,Organic Compost
Alluvial,Wheat,24.425198336514065,91.40173826970958,89.60458989979081,DAP
Sandy,Rice,12.416537969613612,57.2834151806362,125.03943200757477,DAP
Alluvial,Corn,143.86319574435788,48.17437147053902,50.58536888719197,Organic Compost
Black,Wheat,122.16998629802507,52.72795555917738,100.31479472209486,Organic Compost
Red,Wheat,98.37811592976229,22.42278236769729,15.412874064933993,Organic Compost
Sandy,Cotton,59.35389917693919,16.91299248759285,115.42806538808732,Organic Compost
Red,Corn,14.88122688438358,18.152920190859916,59.431362036121236,SSP
Black,Corn,79.15821716021965,42.46026978783724,87.76178234171569,Organic Compost
Red,Cotton,45.13619416717962,24.13752828660187,48.92749783487426,Organic Compost
Red,Corn,40.972948708506294,57.46541626790625,33.77484842540284,NPK 19-19-19
Alluvial,Cotton,77.81154118797211,61.647649656638514,30.633657463628797,Organic Compost
Red,Corn,67.41255565656141,82.73915474648527,117.82233323206135,Organic Compost
Alluvial,Potato,143.2973429383219,60.69382484685585,107.84636006518001,Organic Compost
Sandy,Potato,110.93977880628654,72.98458219741788,144.19756111293393,Organic Compost
Laterite,Cotton,103.78472150017696,75.96393598157702,42.78361606752994,Organic Compost
Red,Cotton,149.60279399912395,65.00877875339881,120.10227524721927,Organic Compost
Sandy,Corn,96.11189530827568,72.72930984385945,51.22030891292361,Organic Compost
Black,Potato,98.76517627790521,63.018520823492295,138.1271195994393,Organic Compost
Alluvial,Wheat,34.14357210278452,61.28456322455609,59.919206027291104,DAP
Sandy,Corn,70.66674257349177,96.66822232587444,64.70206786935645,Organic Compost
Sandy,Potato,123.32700177710355,66.35934917726908,107.80543108761998,Organic Compost
Alluvial,Wheat,37.58491210551486,71.22218416286711,41.003271659739326,DAP
Laterite,Corn,52.842133770037535,27.696883821940208,47.54054233520863,Organic Compost
Red,Corn,76.43649970274431,16.241650391673694,17.37424186876312,Organic Compost
Laterite,Potato,30.807378265786696,46.4497334989253,24.44797366681705,NPK 19-19-19
Black,Cotton,23.71137115359983,81.14575430558406,89.32424045566853,DAP
Laterite,Wheat,68.59229413137575,44.33421639180046,23.749244466840906,Organic Compost
Alluvial,Potato,75.53428622294474,76.64665282142043,126.55061600452963,Organic Compost
Sandy,Rice,97.08833129949512,17.229079512058004,107.2471202416667,Organic Compost
Red,Wheat,28.549853877280125,87.5845771278515,95.96116746545123,DAP
Laterite,Cotton,43.67530506270704,27.51005450703448,127.77167144040149,MOP
Sandy,Corn,20.82483425410623,95.45692385607401,94.46394662242905,DAP
Black,Potato,65.70288912656932,82.96048510861702,129.51162712290358,Organic Compost
Alluvial,Rice,117.908176349485,69.70999542750694,40.21356609861214,Organic Compost
Laterite,Corn,87.98095489650798,57.33557780910452,45.401422045939675,Organic Compost
Alluvial,Wheat,113.6200489465334,32.906495488282296,107.80582017622082,Organic Compost
Laterite,Corn,133.96171879151103,30.962310480013006,73.11993556646524,Organic Compost
Black,Corn,37.730796808208446,29.628291556581928,98.42089767294691,Organic Compost
Red,Wheat,77.4932814125287,85.25213819008665,79.87166214903353,Organic Compost
Black,Corn,101.94850583239611,82.32507486604165,99.33952838874339,Organic Compost
Alluvial,Cotton,148.5042656912894,27.68592599271269,92.1420709780564,Organic Compost
Laterite,Rice,60.74437880603847,32.29625476316042,67.21463703090761,Organic Compost
Red,Cotton,114.45608000845309,20.894389855510482,41.02528635348112,Organic Compost
Alluvial,Rice,64.84473226472964,81.41691381762921,55.38161641470424,Organic Compost
Red,Cotton,42.50499702570472,74.6825848432785,86.59558476335934,Organic Compost
Black,Wheat,43.531084165642675,51.99456393335638,38.00689264049249,NPK 19-19-19
Laterite,Potato,132.508254983652,83.58244190644024,94.21868963506604,Organic Compost
Sandy,Rice,70.66472863260556,59.26399781497717,18.68981913919156,Organic Compost
Laterite,Cotton,126.11955658608649,15.3704490114247,33.71587758856502,Urea
Black,Corn,134.5614637399957,45.55510962429254,110.47220485927902,Organic Compost
Laterite,Cotton,80.82967562890386,55.846168257787326,111.54348057569806,Organic Compost
Alluvial,Wheat,95.18875211890635,90.79966614295459,66.20314106573207,Organic Compost
Black,Potato,10.496858861067984,65.20836353691087,14.168067036998478,DAP
Alluvial,Rice,120.06357900291198,34.2745303674285,112.62444933242583,Organic Compost
Laterite,Potato,136.71874247818602,28.057931466147615,148.54219037969378,Organic Compost
Sandy,Rice,44.42426210627288,11.579280654038532,110.80722393491494,MOP
Sandy,Corn,107.21396335161577,29.289498575798184,106.23269470190199,Organic Compost
Sandy,Rice,71.5675905443401,72.75931932861242,98.7562771816619,Organic Compost
Black,Cotton,85.69939368826756,50.52515345780867,74.54286916195976,Organic Compost
Sandy,Wheat,124.60784175912617,66.6612965053483,110.30817098433162,Organic Compost
Sandy,Wheat,41.633379519455545,92.62689060417772,36.765625473624276,NPK 19-19-19
Red,Corn,145.33417333874104,75.43834563018125,149.00022852584817,Organic Compost
Black,Potato,40.4444481045453,28.34375443448602,55.43899979576669,Organic Compost
Black,Cotton,105.43778581159684,34.18010061650448,124.1256525209854,Organic Compost
Sandy,Potato,145.1964483184517,31.795491074254937,110.97557364016353,Organic Compost
Alluvial,Wheat,30.33865637353263,78.10590818130643,40.5444966789161,DAP
Laterite,Wheat,36.583478071621485,74.92299073311688,56.63045514752763,DAP
Red,Wheat,133.00702355306015,80.53062337176435,67.12198337975762,Organic Compost
Alluvial,Wheat,71.19247681951191,19.955873820905953,40.79321248280141,Organic Compost
Laterite,Rice,146.7324892094199,50.426629155277475,106.20431696533035,Organic Compost
Red,Wheat,104.04818169071218,36.271865241130925,78.55660590252342,Organic Compost
Laterite,Cotton,76.02218930428137,31.944146734036437,58.87357810917149,Organic Compost
Black,Corn,42.20761148456558,16.89117776381046,138.786191301169,MOP
Sandy,Potato,59.20366770000048,68.0121006292782,29.238169975705542,Organic Compost
Black,Cotton,146.61050708817606,43.407368798367195,13.158631106025869,Organic Compost
Black,Rice,109.00244115732043,16.329753287869508,115.98462797176828,Organic Compost
Black,Rice,93.977770960036,12.987668355900558,21.422828254169772,Organic Compost
Laterite,Corn,114.60661695479372,96.15120503356245,78.12639292227892,Organic Compost
Alluvial,Wheat,77.1351023060237,53.32880825308053,54.611665569429185,Organic Compost
Laterite,Rice,20.16255004367661,10.585103214557396,84.04515531445807,SSP
Black,Wheat,141.13884607351156,27.65267189748987,148.62104765390558,Organic Compost
Black,Cotton,80.25951990633118,42.36187611243245,29.503285657162525,Organic Compost
Laterite,Corn,95.32462204150701,47.96725531307472,12.67768908732225,Organic Compost
Red,Potato,24.394014072347495,38.13127601706614,133.98187052000247,MOP
Red,Rice,28.991014831209128,28.224914464368553,53.57649270093886,SSP
Laterite,Potato,30.359200273361576,63.203950416046524,134.91232039284202,DAP
Laterite,Wheat,56.36469797414949,99.66444110228838,59.7886650530298,Organic Compost
Alluvial,Rice,22.409072745032965,44.78410954526632,21.999413081359755,NPK 19-19-19
Laterite,Cotton,47.20831195444095,56.34890692550496,77.18959646061516,Organic Compost
Black,Corn,82.6948932618841,83.78138297535028,133.2530215260644,Organic Compost
Black,Wheat,123.69849481242545,26.444176620695544,93.14267155113096,Organic Compost
Black,Cotton,77.31379050154723,18.025342946774515,24.302852746871075,Organic Compost
Sandy,Potato,86.32955103443602,70.27712266830753,141.77102891334067,Organic Compost
Sandy,Corn,85.75440830358116,93.93553154533004,76.98115732572272,Organic Compost
Laterite,Wheat,16.723554263987843,40.11020135479749,107.31007327083222,MOP
Laterite,Wheat,36.63089857334387,75.83384187041115,143.75763717106412,DAP
Black,Rice,100.04260316286783,45.48139625163709,75.54488680322804,Organic Compost
Alluvial,Cotton,135.35796812938275,22.45337756322744,129.01176298628906,Organic Compost
Alluvial,Rice,44.490841274041536,64.16262030689845,28.311875601790387,NPK 19-19-19
Red,Potato,78.68174314463123,65.83729372421803,19.81534949819786,Organic Compost
Alluvial,Rice,56.95239988313349,43.17388256675431,104.65465005558218,Organic Compost
Black,Potato,138.98009763521503,32.651146347427925,59.732972426270365,Organic Compost
Black,Corn,83.89468677143239,73.41207649958794,130.33833457148515,Organic Compost
Red,Cotton,31.092152478448554,89.07678335557065,15.694082571816088,DAP
Red,Rice,119.32813530163365,93.44653919914128,148.59089320481993,Organic Compost
Alluvial,Rice,25.243426244363206,51.32169169978928,120.26416050463021,DAP
Black,Wheat,111.90633363576299,97.20466394568398,89.74161408963299,Organic Compost
Black,Corn,128.04889481355536,86.77930374370234,112.59003613101521,Organic Compost
Sandy,Potato,131.49094366524136,24.696251379780314,140.42401768816626,Organic Compost
Alluvial,Potato,45.09268485960539,87.23605476795662,79.66934965727684,Organic Compost
Sandy,Rice,109.10488429771064,26.437507813161858,26.274405376591318,Urea
Laterite,Wheat,55.816032317952995,69.23776673920301,27.382426116693512,Organic Compost
Black,Wheat,12.622240888458782,45.24416928293999,20.47799500599671,NPK 19-19-19
Laterite,Corn,72.21390372932784,14.079817184319467,60.62628777945653,Organic Compost
Alluvial,Rice,61.648012269506815,74.36547573486226,61.727021308722655,Organic Compost
Red,Wheat,95.24406563669787,83.61813487829446,44.94684729810062,Organic Compost
Black,Potato,148.5612385576601,53.57478226528016,75.53142695191379,Organic Compost
Laterite,Cotton,87.78886600869578,67.06792518527064,132.35991957530518,Organic Compost
Sandy,Potato,74.66102426002374,67.56415736618044,73.79887981884164,Organic Compost
Black,Corn,12.282826250110674,25.665772366657755,78.39190959940542,SSP
Black,Corn,49.02178094179738,57.03790898180341,58.2946918662925,Organic Compost
Sandy,Potato,144.1617876299821,86.92064832252716,20.988939425366897,Organic Compost
Laterite,Corn,58.661186610050024,99.53648263556133,52.33579277605688,Organic Compost
Alluvial,Wheat,43.21944480354071,61.54988649372941,148.40901738849968,MOP
Laterite,Cotton,16.031335800829474,27.93037983903774,137.04594375739063,MOP
Alluvial,Rice,34.892453335411375,87.56063618839336,85.32307483899453,DAP
Alluvial,Rice,31.23851025121286,78.58328961770434,105.29780345128074,DAP
Black,Potato,123.48222821753622,68.34484219843358,132.78656944508492,Organic Compost
Laterite,Potato,105.54305882665602,17.6857922921573,97.71046301725349,Organic Compost
Sandy,Corn,80.98041866946407,79.5991197433669,108.79043109082187,Organic Compost
Black,Cotton,143.0150699760595,72.90481527717141,81.34426443544574,Organic Compost
Laterite,Potato,49.474165799970365,35.91000364418582,136.84272380870834,MOP
Laterite,Wheat,149.82125563527995,95.7746864981477,101.71525590005889,Organic Compost
Laterite,Wheat,25.69591076734746,44.296360879098,118.43843498804222,MOP
Red,Corn,113.0036629850829,11.394992502128892,133.19799681851708,Organic Compost
Black,Rice,127.34688486970177,52.32914429913816,70.89849344778193,Organic Compost
Laterite,Corn,118.33561156492631,89.25947905973993,46.55784461827124,Organic Compost
Black,Cotton,29.168737403985382,81.35231812896197,71.0157675847476,DAP
Sandy,Potato,140.31718441838746,24.896776204441867,30.195183976322816,Urea
Sandy,Corn,96.02071167691334,53.21560976736306,93.85532908534256,Organic Compost
Red,Wheat,77.14592558297167,69.22833048457011,70.57890289481853,Organic Compost
Laterite,Cotton,52.50470659219293,46.98118530897292,13.232547175508117,Organic Compost
Red,Rice,136.4755520704734,95.10905488438758,111.7705215284061,Organic Compost
Alluvial,Cotton,61.76535111622391,76.4701336570201,51.1483235646792,Organic Compost
Sandy,Potato,56.24018174889543,75.238345514266,95.68054562640239,Organic Compost
Alluvial,Corn,32.8651373600032,67.6660023376701,123.87815800492163,DAP
Laterite,Cotton,93.34350525808303,25.357922987689477,53.592687166745336,Organic Compost
Laterite,Corn,46.194250577481235,19.245103631816683,71.47462263697544,Organic Compost
Black,Cotton,146.06679557123388,74.55950083367826,126.76591750973385,Organic Compost
Alluvial,Corn,59.62462684142412,76.85350215195984,20.917596618597663,Organic Compost
Alluvial,Rice,70.07018744370045,11.585485642699657,43.03658079672319,Organic Compost
Laterite,Corn,43.935702675264466,34.98575496574495,135.75340374802062,MOP
Sandy,Cotton,111.34194536406041,91.86524171946209,13.505087073242137,Organic Compost
Laterite,Potato,95.50938985091261,38.67067883133906,118.13708109725384,Organic Compost
Red,Wheat,98.35916546909179,21.09217025615606,78.7835074517777,Organic Compost
Alluvial,Wheat,39.161681231856846,73.62972672673763,49.81884534653082,DAP
Laterite,Rice,19.015012505273095,34.22677961545185,94.97235779734854,Organic Compost
Sandy,Rice,72.98541983833309,68.62343971719093,124.15720978514658,Organic Compost
Alluvial,Rice,81.90277869170066,69.5808608152642,87.22440123777315,Organic Compost
Red,Rice,109.99688479505882,29.5986356694116,34.727279643442806,Urea
Black,Cotton,101.46063426632769,31.0596830911565,35.712615429464,Urea
Sandy,Wheat,138.78274187453374,48.76753077691865,38.48931407564358,Organic Compost
Alluvial,Rice,120.34871555002837,74.37539181944592,130.51128458042382,Organic Compost
Black,Wheat,149.55556115357365,87.31163389336915,11.073911900570426,Organic Compost
Red,Cotton,95.41112161837424,66.36304730190682,132.9467181706391,Organic Compost
Alluvial,Cotton,75.59227187851113,82.80868606040697,139.195495043772,Organic Compost
Alluvial,Cotton,141.84192979306638,67.4250812454354,129.5903438399148,Organic Compost
Red,Potato,35.573239258752956,72.47290734636837,134.17808109096012,DAP
Sandy,Potato,99.55749297131854,46.690398056542364,104.46651672031196,Organic Compost
Alluvial,Wheat,143.4017328501317,35.14206909166839,112.41358613760141,Organic Compost
Red,Wheat,73.92453474330915,11.88946637663085,31.83112948159255,Organic Compost
Alluvial,Corn,32.839582671903614,40.01982531411829,138.11976785732736,MOP
Red,Wheat,55.376978126524754,17.88722360044614,96.29320366083678,Organic Compost
Laterite,Wheat,30.7774172735692,71.17377663511857,24.686614088903585,DAP
Black,Wheat,82.33246941227164,44.66266626804216,17.980923250956934,Organic Compost
Laterite,Potato,136.44893350821053,11.888469665767285,76.45074208945269,Organic Compost
Red,Potato,65.27773996710295,48.53581187159354,90.99840772787678,Organic Compost
Black,Potato,33.60423677325734,11.669998516287436,95.37363211701823,Organic Compost
Sandy,Cotton,39.533380695385475,43.32065372424761,123.22391206295676,MOP
Laterite,Corn,26.056569573984305,16.41166437183391,129.2703048773452,MOP
Alluvial,Rice,46.92278617230455,39.181071373667464,53.438897008592434,Organic Compost
Black,Rice,129.51739995734553,77.94341529739252,82.40183586845411,Organic Compost
Black,Wheat,28.18499568182576,85.6613357755824,120.17435561498758,DAP
Alluvial,Cotton,145.02429755913175,89.1128774688824,100.22026909204659,Organic Compost
Sandy,Wheat,96.52311901541174,61.78968338775988,65.1938782968883,Organic Compost
Alluvial,Rice,148.7523417170262,22.12803202660161,145.1213573406254,Organic Compost
Sandy,Rice,123.85544202830286,68.5152263428903,89.80529042994888,Organic Compost
Alluvial,Rice,54.83621303181759,93.18443711427214,26.140960087809017,Organic Compost
Red,Wheat,44.39871294785459,10.818476227217733,70.73312511256574,Organic Compost
Alluvial,Cotton,75.60904585978537,16.997089950880202,46.65907439717799,Organic Compost
Laterite,Cotton,30.744882246126316,14.279284799304715,99.77009863290345,Organic Compost
Alluvial,Corn,85.47262030311465,27.872468040347506,85.53321209177095,Organic Compost
Alluvial,Corn,71.42320905145769,81.9604284618006,74.66870107748925,Organic Compost
Red,Potato,36.14757827780124,76.46948869330986,77.10932049021666,DAP
Red,Corn,54.91539582017431,18.081753946557427,65.15457854765953,Organic Compost
Alluvial,Corn,12.56566359632781,59.07281016357733,111.89559368435214,DAP
Alluvial,Potato,111.59685884806441,72.28276256378021,125.01558052959129,Organic Compost
Sandy,Potato,87.73335218683978,93.95182511856811,56.840876475800805,Organic Compost
Black,Potato,59.9459350876772,22.586905226603605,65.77647808979938,Organic Compost
Red,Corn,85.14060783687054,12.166033452184484,45.50682367875851,Organic Compost
Sandy,Wheat,148.19239530340286,36.60109646383303,135.52103883539993,Organic Compost
Alluvial,Corn,23.455446345934753,32.285565915484995,48.19597388800171,Organic Compost
Sandy,Corn,104.4008107794132,93.85128960588693,126.89930310867506,Organic Compost
Red,Corn,97.47720711744441,69.9636723572608,47.06831304781868,Organic Compost
Black,Rice,92.96621362374049,13.23356185502714,77.59688619623708,Organic Compost
Laterite,Potato,87.3252716117699,28.171460846367175,121.2080681579613,Organic Compost
Laterite,Corn,18.554413908124502,86.01007381409443,104.3573781243171,DAP
Laterite,Cotton,14.305411671360286,94.09370863442513,30.6819628190804,DAP
Black,Cotton,103.43580743851305,90.01779249941791,69.57443027212365,Organic Compost
Sandy,Wheat,29.273836996540908,32.03423366160915,37.03542963926196,NPK 19-19-19
Black,Cotton,115.166829103194,28.240471567657423,103.45403455138374,Organic Compost
Red,Cotton,136.16922301782574,84.77134505551668,141.38530476648683,Organic Compost
Laterite,Corn,131.61714528583929,15.735099401984645,128.43467337743382,Organic Compost
Alluvial,Corn,63.262223247234566,15.086316194925608,104.87432846752654,Organic Compost
Black,Potato,75.48867709804486,71.3555593349621,137.64843658338,Organic Compost
Laterite,Corn,137.62509997404845,41.420734312982674,117.53139698609519,Organic Compost
